family,zone_rank,square_id,exp_id,horizon,delay_min,hold_min,on_ratio,episodes,missed_min,missed_min_std,missed_episodes,missed_episodes_std,on_min,on_min_std,switches,switches_std,chosen
arima,1,5161,EXP-017,1.0,0.0,0.0,1.0,12,90.0,,8.0,,1000.0,,7.0,,False
arima,1,5161,EXP-017,1.0,0.0,0.0,0.9,12,10.0,,1.0,,1570.0,,13.0,,False
arima,1,5161,EXP-017,1.0,0.0,0.0,0.8,12,0.0,,0.0,,2520.0,,16.0,,False
arima,1,5161,EXP-017,1.0,0.0,30.0,1.0,12,80.0,,7.0,,1060.0,,7.0,,True
arima,1,5161,EXP-017,1.0,0.0,30.0,0.9,12,10.0,,1.0,,1610.0,,11.0,,False
arima,1,5161,EXP-017,1.0,0.0,30.0,0.8,12,0.0,,0.0,,2620.0,,14.0,,False
arima,1,5161,EXP-017,1.0,0.0,60.0,1.0,12,80.0,,7.0,,1170.0,,7.0,,False
arima,1,5161,EXP-017,1.0,0.0,60.0,0.9,12,10.0,,1.0,,1640.0,,10.0,,False
arima,1,5161,EXP-017,1.0,0.0,60.0,0.8,12,0.0,,0.0,,2740.0,,12.0,,False
arima,1,5161,EXP-017,1.0,0.0,120.0,1.0,12,70.0,,6.0,,1350.0,,6.0,,False
arima,1,5161,EXP-017,1.0,0.0,120.0,0.9,12,0.0,,0.0,,1880.0,,9.0,,False
arima,1,5161,EXP-017,1.0,0.0,120.0,0.8,12,0.0,,0.0,,2790.0,,10.0,,False
arima,1,5161,EXP-017,1.0,10.0,0.0,1.0,12,100.0,,8.0,,1000.0,,7.0,,False
arima,1,5161,EXP-017,1.0,10.0,0.0,0.9,12,30.0,,3.0,,1570.0,,13.0,,False
arima,1,5161,EXP-017,1.0,10.0,0.0,0.8,12,0.0,,0.0,,2520.0,,16.0,,False
arima,1,5161,EXP-017,1.0,10.0,30.0,1.0,12,90.0,,7.0,,1060.0,,7.0,,True
arima,1,5161,EXP-017,1.0,10.0,30.0,0.9,12,30.0,,3.0,,1610.0,,11.0,,False
arima,1,5161,EXP-017,1.0,10.0,30.0,0.8,12,0.0,,0.0,,2620.0,,14.0,,False
arima,1,5161,EXP-017,1.0,10.0,60.0,1.0,12,90.0,,7.0,,1170.0,,7.0,,False
arima,1,5161,EXP-017,1.0,10.0,60.0,0.9,12,30.0,,3.0,,1640.0,,10.0,,False
arima,1,5161,EXP-017,1.0,10.0,60.0,0.8,12,0.0,,0.0,,2740.0,,12.0,,False
arima,1,5161,EXP-017,1.0,10.0,120.0,1.0,12,90.0,,7.0,,1350.0,,6.0,,False
arima,1,5161,EXP-017,1.0,10.0,120.0,0.9,12,20.0,,2.0,,1880.0,,9.0,,False
arima,1,5161,EXP-017,1.0,10.0,120.0,0.8,12,0.0,,0.0,,2790.0,,10.0,,False
lag1,1,5161,EXP-014,1.0,0.0,0.0,1.0,12,130.0,,12.0,,910.0,,13.0,,False
lag1,1,5161,EXP-014,1.0,0.0,0.0,0.9,12,20.0,,2.0,,1470.0,,21.0,,False
lag1,1,5161,EXP-014,1.0,0.0,0.0,0.8,12,0.0,,0.0,,2500.0,,19.0,,False
lag1,1,5161,EXP-014,1.0,0.0,30.0,1.0,12,100.0,,10.0,,1040.0,,10.0,,True
lag1,1,5161,EXP-014,1.0,0.0,30.0,0.9,12,20.0,,2.0,,1630.0,,17.0,,False
lag1,1,5161,EXP-014,1.0,0.0,30.0,0.8,12,0.0,,0.0,,2620.0,,14.0,,False
lag1,1,5161,EXP-014,1.0,0.0,60.0,1.0,12,90.0,,9.0,,1200.0,,9.0,,False
lag1,1,5161,EXP-014,1.0,0.0,60.0,0.9,12,20.0,,2.0,,1710.0,,13.0,,False
lag1,1,5161,EXP-014,1.0,0.0,60.0,0.8,12,0.0,,0.0,,2780.0,,14.0,,False
lag1,1,5161,EXP-014,1.0,0.0,120.0,1.0,12,70.0,,7.0,,1460.0,,7.0,,False
lag1,1,5161,EXP-014,1.0,0.0,120.0,0.9,12,0.0,,0.0,,2080.0,,11.0,,False
lag1,1,5161,EXP-014,1.0,0.0,120.0,0.8,12,0.0,,0.0,,2870.0,,11.0,,False
lag1,1,5161,EXP-014,1.0,10.0,0.0,1.0,12,170.0,,12.0,,910.0,,13.0,,False
lag1,1,5161,EXP-014,1.0,10.0,0.0,0.9,12,40.0,,4.0,,1470.0,,21.0,,False
lag1,1,5161,EXP-014,1.0,10.0,0.0,0.8,12,10.0,,1.0,,2500.0,,19.0,,False
lag1,1,5161,EXP-014,1.0,10.0,30.0,1.0,12,120.0,,9.0,,1040.0,,10.0,,True
lag1,1,5161,EXP-014,1.0,10.0,30.0,0.9,12,30.0,,3.0,,1630.0,,17.0,,False
lag1,1,5161,EXP-014,1.0,10.0,30.0,0.8,12,10.0,,1.0,,2620.0,,14.0,,False
lag1,1,5161,EXP-014,1.0,10.0,60.0,1.0,12,100.0,,8.0,,1200.0,,9.0,,False
lag1,1,5161,EXP-014,1.0,10.0,60.0,0.9,12,40.0,,4.0,,1710.0,,13.0,,False
lag1,1,5161,EXP-014,1.0,10.0,60.0,0.8,12,10.0,,1.0,,2780.0,,14.0,,False
lag1,1,5161,EXP-014,1.0,10.0,120.0,1.0,12,80.0,,7.0,,1460.0,,7.0,,False
lag1,1,5161,EXP-014,1.0,10.0,120.0,0.9,12,30.0,,3.0,,2080.0,,11.0,,False
lag1,1,5161,EXP-014,1.0,10.0,120.0,0.8,12,10.0,,1.0,,2870.0,,11.0,,False
lag1008,1,5161,EXP-026,1.0,0.0,0.0,1.0,12,130.0,,9.0,,900.0,,5.0,,False
lag1008,1,5161,EXP-026,1.0,0.0,0.0,0.9,12,90.0,,6.0,,1170.0,,14.0,,False
lag1008,1,5161,EXP-026,1.0,0.0,0.0,0.8,12,40.0,,3.0,,1740.0,,17.0,,False
lag1008,1,5161,EXP-026,1.0,0.0,30.0,1.0,12,130.0,,9.0,,950.0,,4.0,,False
lag1008,1,5161,EXP-026,1.0,0.0,30.0,0.9,12,60.0,,5.0,,1330.0,,11.0,,False
lag1008,1,5161,EXP-026,1.0,0.0,30.0,0.8,12,30.0,,2.0,,1880.0,,16.0,,False
lag1008,1,5161,EXP-026,1.0,0.0,60.0,1.0,12,130.0,,9.0,,960.0,,3.0,,True
lag1008,1,5161,EXP-026,1.0,0.0,60.0,0.9,12,60.0,,5.0,,1500.0,,10.0,,False
lag1008,1,5161,EXP-026,1.0,0.0,60.0,0.8,12,40.0,,3.0,,2000.0,,13.0,,False
lag1008,1,5161,EXP-026,1.0,0.0,120.0,1.0,12,130.0,,9.0,,1010.0,,3.0,,False
lag1008,1,5161,EXP-026,1.0,0.0,120.0,0.9,12,30.0,,3.0,,1820.0,,9.0,,False
lag1008,1,5161,EXP-026,1.0,0.0,120.0,0.8,12,0.0,,0.0,,2320.0,,11.0,,False
lag1008,1,5161,EXP-026,1.0,10.0,0.0,1.0,12,130.0,,10.0,,900.0,,5.0,,False
lag1008,1,5161,EXP-026,1.0,10.0,0.0,0.9,12,100.0,,8.0,,1170.0,,14.0,,False
lag1008,1,5161,EXP-026,1.0,10.0,0.0,0.8,12,30.0,,2.0,,1740.0,,17.0,,False
lag1008,1,5161,EXP-026,1.0,10.0,30.0,1.0,12,130.0,,10.0,,950.0,,4.0,,False
lag1008,1,5161,EXP-026,1.0,10.0,30.0,0.9,12,70.0,,6.0,,1330.0,,11.0,,False
lag1008,1,5161,EXP-026,1.0,10.0,30.0,0.8,12,30.0,,2.0,,1880.0,,16.0,,False
lag1008,1,5161,EXP-026,1.0,10.0,60.0,1.0,12,130.0,,10.0,,960.0,,3.0,,True
lag1008,1,5161,EXP-026,1.0,10.0,60.0,0.9,12,70.0,,6.0,,1500.0,,10.0,,False
lag1008,1,5161,EXP-026,1.0,10.0,60.0,0.8,12,30.0,,2.0,,2000.0,,13.0,,False
lag1008,1,5161,EXP-026,1.0,10.0,120.0,1.0,12,130.0,,10.0,,1010.0,,3.0,,False
lag1008,1,5161,EXP-026,1.0,10.0,120.0,0.9,12,40.0,,4.0,,1820.0,,9.0,,False
lag1008,1,5161,EXP-026,1.0,10.0,120.0,0.8,12,10.0,,1.0,,2320.0,,11.0,,False
lag144,1,5161,EXP-013,1.0,0.0,0.0,1.0,12,500.0,,9.0,,910.0,,12.0,,False
lag144,1,5161,EXP-013,1.0,0.0,0.0,0.9,12,300.0,,4.0,,1460.0,,21.0,,False
lag144,1,5161,EXP-013,1.0,0.0,0.0,0.8,12,90.0,,4.0,,2530.0,,19.0,,False
lag144,1,5161,EXP-013,1.0,0.0,30.0,1.0,12,450.0,,9.0,,1030.0,,10.0,,True
lag144,1,5161,EXP-013,1.0,0.0,30.0,0.9,12,270.0,,4.0,,1620.0,,17.0,,False
lag144,1,5161,EXP-013,1.0,0.0,30.0,0.8,12,80.0,,3.0,,2650.0,,14.0,,False
lag144,1,5161,EXP-013,1.0,0.0,60.0,1.0,12,390.0,,8.0,,1190.0,,9.0,,False
lag144,1,5161,EXP-013,1.0,0.0,60.0,0.9,12,240.0,,4.0,,1700.0,,13.0,,False
lag144,1,5161,EXP-013,1.0,0.0,60.0,0.8,12,80.0,,3.0,,2810.0,,14.0,,False
lag144,1,5161,EXP-013,1.0,0.0,120.0,1.0,12,290.0,,6.0,,1450.0,,7.0,,False
lag144,1,5161,EXP-013,1.0,0.0,120.0,0.9,12,140.0,,2.0,,2070.0,,11.0,,False
lag144,1,5161,EXP-013,1.0,0.0,120.0,0.8,12,80.0,,3.0,,2900.0,,11.0,,False
lag144,1,5161,EXP-013,1.0,10.0,0.0,1.0,12,520.0,,11.0,,910.0,,12.0,,False
lag144,1,5161,EXP-013,1.0,10.0,0.0,0.9,12,310.0,,7.0,,1460.0,,21.0,,False
lag144,1,5161,EXP-013,1.0,10.0,0.0,0.8,12,70.0,,2.0,,2530.0,,19.0,,False
lag144,1,5161,EXP-013,1.0,10.0,30.0,1.0,12,470.0,,10.0,,1030.0,,10.0,,True
lag144,1,5161,EXP-013,1.0,10.0,30.0,0.9,12,290.0,,7.0,,1620.0,,17.0,,False
lag144,1,5161,EXP-013,1.0,10.0,30.0,0.8,12,70.0,,2.0,,2650.0,,14.0,,False
lag144,1,5161,EXP-013,1.0,10.0,60.0,1.0,12,420.0,,10.0,,1190.0,,9.0,,False
lag144,1,5161,EXP-013,1.0,10.0,60.0,0.9,12,240.0,,5.0,,1700.0,,13.0,,False
lag144,1,5161,EXP-013,1.0,10.0,60.0,0.8,12,70.0,,2.0,,2810.0,,14.0,,False
lag144,1,5161,EXP-013,1.0,10.0,120.0,1.0,12,320.0,,8.0,,1450.0,,7.0,,False
lag144,1,5161,EXP-013,1.0,10.0,120.0,0.9,12,140.0,,3.0,,2070.0,,11.0,,False
lag144,1,5161,EXP-013,1.0,10.0,120.0,0.8,12,70.0,,2.0,,2900.0,,11.0,,False
lstm,1,5161,EXP-016,1.0,0.0,0.0,1.0,12,103.33333333333333,5.773502691896257,9.0,0.0,960.0,30.0,4.666666666666667,1.1547005383792517,False
lstm,1,5161,EXP-016,1.0,0.0,0.0,0.9,12,10.0,0.0,1.0,0.0,1560.0,43.58898943540674,8.333333333333334,0.5773502691896257,False
lstm,1,5161,EXP-016,1.0,0.0,0.0,0.8,12,0.0,0.0,0.0,0.0,2506.6666666666665,32.145502536643185,8.333333333333334,0.5773502691896257,False
lstm,1,5161,EXP-016,1.0,0.0,30.0,1.0,12,100.0,10.0,8.666666666666666,0.5773502691896257,966.6666666666666,40.414518843273804,4.333333333333333,0.5773502691896258,False
lstm,1,5161,EXP-016,1.0,0.0,30.0,0.9,12,10.0,0.0,1.0,0.0,1570.0,34.64101615137755,8.0,0.0,False
lstm,1,5161,EXP-016,1.0,0.0,30.0,0.8,12,0.0,0.0,0.0,0.0,2530.0,26.457513110645905,8.0,0.0,False
lstm,1,5161,EXP-016,1.0,0.0,60.0,1.0,12,100.0,10.0,8.666666666666666,0.5773502691896257,976.6666666666666,47.258156262526086,4.333333333333333,0.5773502691896258,False
lstm,1,5161,EXP-016,1.0,0.0,60.0,0.9,12,10.0,0.0,1.0,0.0,1593.3333333333333,32.145502536643185,8.0,0.0,False
lstm,1,5161,EXP-016,1.0,0.0,60.0,0.8,12,0.0,0.0,0.0,0.0,2560.0,26.457513110645905,8.0,0.0,False
lstm,1,5161,EXP-016,1.0,0.0,120.0,1.0,12,83.33333333333333,5.773502691896257,7.0,0.0,1076.6666666666667,15.275252316519468,4.0,0.0,True
lstm,1,5161,EXP-016,1.0,0.0,120.0,0.9,12,10.0,0.0,1.0,0.0,1713.3333333333333,32.145502536643185,8.0,0.0,False
lstm,1,5161,EXP-016,1.0,0.0,120.0,0.8,12,0.0,0.0,0.0,0.0,2620.0,26.457513110645905,8.0,0.0,False
lstm,1,5161,EXP-016,1.0,10.0,0.0,1.0,12,113.33333333333333,5.773502691896257,8.0,0.0,960.0,30.0,4.666666666666667,1.1547005383792517,False
lstm,1,5161,EXP-016,1.0,10.0,0.0,0.9,12,23.333333333333332,5.773502691896257,2.3333333333333335,0.5773502691896258,1560.0,43.58898943540674,8.333333333333334,0.5773502691896257,False
lstm,1,5161,EXP-016,1.0,10.0,0.0,0.8,12,0.0,0.0,0.0,0.0,2506.6666666666665,32.145502536643185,8.333333333333334,0.5773502691896257,False
lstm,1,5161,EXP-016,1.0,10.0,30.0,1.0,12,110.0,10.0,7.666666666666667,0.5773502691896258,966.6666666666666,40.414518843273804,4.333333333333333,0.5773502691896258,False
lstm,1,5161,EXP-016,1.0,10.0,30.0,0.9,12,23.333333333333332,5.773502691896257,2.3333333333333335,0.5773502691896258,1570.0,34.64101615137755,8.0,0.0,False
lstm,1,5161,EXP-016,1.0,10.0,30.0,0.8,12,0.0,0.0,0.0,0.0,2530.0,26.457513110645905,8.0,0.0,False
lstm,1,5161,EXP-016,1.0,10.0,60.0,1.0,12,110.0,10.0,7.666666666666667,0.5773502691896258,976.6666666666666,47.258156262526086,4.333333333333333,0.5773502691896258,False
lstm,1,5161,EXP-016,1.0,10.0,60.0,0.9,12,23.333333333333332,5.773502691896257,2.3333333333333335,0.5773502691896258,1593.3333333333333,32.145502536643185,8.0,0.0,False
lstm,1,5161,EXP-016,1.0,10.0,60.0,0.8,12,0.0,0.0,0.0,0.0,2560.0,26.457513110645905,8.0,0.0,False
lstm,1,5161,EXP-016,1.0,10.0,120.0,1.0,12,103.33333333333333,5.773502691896257,7.0,0.0,1076.6666666666667,15.275252316519468,4.0,0.0,True
lstm,1,5161,EXP-016,1.0,10.0,120.0,0.9,12,23.333333333333332,5.773502691896257,2.3333333333333335,0.5773502691896258,1713.3333333333333,32.145502536643185,8.0,0.0,False
lstm,1,5161,EXP-016,1.0,10.0,120.0,0.8,12,0.0,0.0,0.0,0.0,2620.0,26.457513110645905,8.0,0.0,False
arima,1,5161,EXP-047,3.0,0.0,0.0,1.0,12,90.0,,7.0,,1070.0,,7.0,,True
arima,1,5161,EXP-047,3.0,0.0,0.0,0.9,12,20.0,,2.0,,1560.0,,13.0,,False
arima,1,5161,EXP-047,3.0,0.0,0.0,0.8,12,0.0,,0.0,,2620.0,,18.0,,False
arima,1,5161,EXP-047,3.0,0.0,30.0,1.0,12,90.0,,7.0,,1100.0,,7.0,,False
arima,1,5161,EXP-047,3.0,0.0,30.0,0.9,12,20.0,,2.0,,1600.0,,11.0,,False
arima,1,5161,EXP-047,3.0,0.0,30.0,0.8,12,0.0,,0.0,,2680.0,,14.0,,False
arima,1,5161,EXP-047,3.0,0.0,60.0,1.0,12,90.0,,7.0,,1190.0,,7.0,,False
arima,1,5161,EXP-047,3.0,0.0,60.0,0.9,12,20.0,,2.0,,1630.0,,10.0,,False
arima,1,5161,EXP-047,3.0,0.0,60.0,0.8,12,0.0,,0.0,,2810.0,,14.0,,False
arima,1,5161,EXP-047,3.0,0.0,120.0,1.0,12,90.0,,7.0,,1360.0,,6.0,,False
arima,1,5161,EXP-047,3.0,0.0,120.0,0.9,12,20.0,,2.0,,1860.0,,9.0,,False
arima,1,5161,EXP-047,3.0,0.0,120.0,0.8,12,0.0,,0.0,,2900.0,,11.0,,False
arima,1,5161,EXP-047,3.0,10.0,0.0,1.0,12,90.0,,7.0,,1070.0,,7.0,,True
arima,1,5161,EXP-047,3.0,10.0,0.0,0.9,12,20.0,,2.0,,1560.0,,13.0,,False
arima,1,5161,EXP-047,3.0,10.0,0.0,0.8,12,0.0,,0.0,,2620.0,,18.0,,False
arima,1,5161,EXP-047,3.0,10.0,30.0,1.0,12,90.0,,7.0,,1100.0,,7.0,,False
arima,1,5161,EXP-047,3.0,10.0,30.0,0.9,12,20.0,,2.0,,1600.0,,11.0,,False
arima,1,5161,EXP-047,3.0,10.0,30.0,0.8,12,0.0,,0.0,,2680.0,,14.0,,False
arima,1,5161,EXP-047,3.0,10.0,60.0,1.0,12,90.0,,7.0,,1190.0,,7.0,,False
arima,1,5161,EXP-047,3.0,10.0,60.0,0.9,12,20.0,,2.0,,1630.0,,10.0,,False
arima,1,5161,EXP-047,3.0,10.0,60.0,0.8,12,0.0,,0.0,,2810.0,,14.0,,False
arima,1,5161,EXP-047,3.0,10.0,120.0,1.0,12,90.0,,7.0,,1360.0,,6.0,,False
arima,1,5161,EXP-047,3.0,10.0,120.0,0.9,12,20.0,,2.0,,1860.0,,9.0,,False
arima,1,5161,EXP-047,3.0,10.0,120.0,0.8,12,0.0,,0.0,,2900.0,,11.0,,False
lag1,1,5161,EXP-029,3.0,0.0,0.0,1.0,12,170.0,,8.0,,910.0,,13.0,,False
lag1,1,5161,EXP-029,3.0,0.0,0.0,0.9,12,50.0,,5.0,,1470.0,,21.0,,False
lag1,1,5161,EXP-029,3.0,0.0,0.0,0.8,12,10.0,,1.0,,2500.0,,19.0,,False
lag1,1,5161,EXP-029,3.0,0.0,30.0,1.0,12,130.0,,7.0,,1040.0,,10.0,,True
lag1,1,5161,EXP-029,3.0,0.0,30.0,0.9,12,30.0,,3.0,,1630.0,,17.0,,False
lag1,1,5161,EXP-029,3.0,0.0,30.0,0.8,12,10.0,,1.0,,2620.0,,14.0,,False
lag1,1,5161,EXP-029,3.0,0.0,60.0,1.0,12,120.0,,7.0,,1200.0,,9.0,,False
lag1,1,5161,EXP-029,3.0,0.0,60.0,0.9,12,40.0,,4.0,,1710.0,,13.0,,False
lag1,1,5161,EXP-029,3.0,0.0,60.0,0.8,12,10.0,,1.0,,2780.0,,14.0,,False
lag1,1,5161,EXP-029,3.0,0.0,120.0,1.0,12,100.0,,7.0,,1460.0,,7.0,,False
lag1,1,5161,EXP-029,3.0,0.0,120.0,0.9,12,30.0,,3.0,,2080.0,,11.0,,False
lag1,1,5161,EXP-029,3.0,0.0,120.0,0.8,12,10.0,,1.0,,2870.0,,11.0,,False
lag1,1,5161,EXP-029,3.0,10.0,0.0,1.0,12,170.0,,8.0,,910.0,,13.0,,False
lag1,1,5161,EXP-029,3.0,10.0,0.0,0.9,12,50.0,,5.0,,1470.0,,21.0,,False
lag1,1,5161,EXP-029,3.0,10.0,0.0,0.8,12,10.0,,1.0,,2500.0,,19.0,,False
lag1,1,5161,EXP-029,3.0,10.0,30.0,1.0,12,130.0,,7.0,,1040.0,,10.0,,True
lag1,1,5161,EXP-029,3.0,10.0,30.0,0.9,12,30.0,,3.0,,1630.0,,17.0,,False
lag1,1,5161,EXP-029,3.0,10.0,30.0,0.8,12,10.0,,1.0,,2620.0,,14.0,,False
lag1,1,5161,EXP-029,3.0,10.0,60.0,1.0,12,120.0,,7.0,,1200.0,,9.0,,False
lag1,1,5161,EXP-029,3.0,10.0,60.0,0.9,12,40.0,,4.0,,1710.0,,13.0,,False
lag1,1,5161,EXP-029,3.0,10.0,60.0,0.8,12,10.0,,1.0,,2780.0,,14.0,,False
lag1,1,5161,EXP-029,3.0,10.0,120.0,1.0,12,100.0,,7.0,,1460.0,,7.0,,False
lag1,1,5161,EXP-029,3.0,10.0,120.0,0.9,12,30.0,,3.0,,2080.0,,11.0,,False
lag1,1,5161,EXP-029,3.0,10.0,120.0,0.8,12,10.0,,1.0,,2870.0,,11.0,,False
lag1008,1,5161,EXP-041,3.0,0.0,0.0,1.0,12,130.0,,9.0,,900.0,,5.0,,False
lag1008,1,5161,EXP-041,3.0,0.0,0.0,0.9,12,90.0,,6.0,,1170.0,,14.0,,False
lag1008,1,5161,EXP-041,3.0,0.0,0.0,0.8,12,40.0,,3.0,,1740.0,,17.0,,False
lag1008,1,5161,EXP-041,3.0,0.0,30.0,1.0,12,130.0,,9.0,,950.0,,4.0,,False
lag1008,1,5161,EXP-041,3.0,0.0,30.0,0.9,12,60.0,,5.0,,1330.0,,11.0,,False
lag1008,1,5161,EXP-041,3.0,0.0,30.0,0.8,12,30.0,,2.0,,1880.0,,16.0,,False
lag1008,1,5161,EXP-041,3.0,0.0,60.0,1.0,12,130.0,,9.0,,960.0,,3.0,,True
lag1008,1,5161,EXP-041,3.0,0.0,60.0,0.9,12,60.0,,5.0,,1500.0,,10.0,,False
lag1008,1,5161,EXP-041,3.0,0.0,60.0,0.8,12,40.0,,3.0,,2000.0,,13.0,,False
lag1008,1,5161,EXP-041,3.0,0.0,120.0,1.0,12,130.0,,9.0,,1010.0,,3.0,,False
lag1008,1,5161,EXP-041,3.0,0.0,120.0,0.9,12,30.0,,3.0,,1820.0,,9.0,,False
lag1008,1,5161,EXP-041,3.0,0.0,120.0,0.8,12,0.0,,0.0,,2320.0,,11.0,,False
lag1008,1,5161,EXP-041,3.0,10.0,0.0,1.0,12,130.0,,9.0,,900.0,,5.0,,False
lag1008,1,5161,EXP-041,3.0,10.0,0.0,0.9,12,90.0,,6.0,,1170.0,,14.0,,False
lag1008,1,5161,EXP-041,3.0,10.0,0.0,0.8,12,40.0,,3.0,,1740.0,,17.0,,False
lag1008,1,5161,EXP-041,3.0,10.0,30.0,1.0,12,130.0,,9.0,,950.0,,4.0,,False
lag1008,1,5161,EXP-041,3.0,10.0,30.0,0.9,12,60.0,,5.0,,1330.0,,11.0,,False
lag1008,1,5161,EXP-041,3.0,10.0,30.0,0.8,12,30.0,,2.0,,1880.0,,16.0,,False
lag1008,1,5161,EXP-041,3.0,10.0,60.0,1.0,12,130.0,,9.0,,960.0,,3.0,,True
lag1008,1,5161,EXP-041,3.0,10.0,60.0,0.9,12,60.0,,5.0,,1500.0,,10.0,,False
lag1008,1,5161,EXP-041,3.0,10.0,60.0,0.8,12,40.0,,3.0,,2000.0,,13.0,,False
lag1008,1,5161,EXP-041,3.0,10.0,120.0,1.0,12,130.0,,9.0,,1010.0,,3.0,,False
lag1008,1,5161,EXP-041,3.0,10.0,120.0,0.9,12,30.0,,3.0,,1820.0,,9.0,,False
lag1008,1,5161,EXP-041,3.0,10.0,120.0,0.8,12,0.0,,0.0,,2320.0,,11.0,,False
lag144,1,5161,EXP-035,3.0,0.0,0.0,1.0,12,500.0,,9.0,,910.0,,12.0,,False
lag144,1,5161,EXP-035,3.0,0.0,0.0,0.9,12,300.0,,4.0,,1460.0,,21.0,,False
lag144,1,5161,EXP-035,3.0,0.0,0.0,0.8,12,90.0,,4.0,,2530.0,,19.0,,False
lag144,1,5161,EXP-035,3.0,0.0,30.0,1.0,12,450.0,,9.0,,1030.0,,10.0,,True
lag144,1,5161,EXP-035,3.0,0.0,30.0,0.9,12,270.0,,4.0,,1620.0,,17.0,,False
lag144,1,5161,EXP-035,3.0,0.0,30.0,0.8,12,80.0,,3.0,,2650.0,,14.0,,False
lag144,1,5161,EXP-035,3.0,0.0,60.0,1.0,12,390.0,,8.0,,1190.0,,9.0,,False
lag144,1,5161,EXP-035,3.0,0.0,60.0,0.9,12,240.0,,4.0,,1700.0,,13.0,,False
lag144,1,5161,EXP-035,3.0,0.0,60.0,0.8,12,80.0,,3.0,,2810.0,,14.0,,False
lag144,1,5161,EXP-035,3.0,0.0,120.0,1.0,12,290.0,,6.0,,1450.0,,7.0,,False
lag144,1,5161,EXP-035,3.0,0.0,120.0,0.9,12,140.0,,2.0,,2070.0,,11.0,,False
lag144,1,5161,EXP-035,3.0,0.0,120.0,0.8,12,80.0,,3.0,,2900.0,,11.0,,False
lag144,1,5161,EXP-035,3.0,10.0,0.0,1.0,12,500.0,,9.0,,910.0,,12.0,,False
lag144,1,5161,EXP-035,3.0,10.0,0.0,0.9,12,300.0,,4.0,,1460.0,,21.0,,False
lag144,1,5161,EXP-035,3.0,10.0,0.0,0.8,12,90.0,,4.0,,2530.0,,19.0,,False
lag144,1,5161,EXP-035,3.0,10.0,30.0,1.0,12,450.0,,9.0,,1030.0,,10.0,,True
lag144,1,5161,EXP-035,3.0,10.0,30.0,0.9,12,270.0,,4.0,,1620.0,,17.0,,False
lag144,1,5161,EXP-035,3.0,10.0,30.0,0.8,12,80.0,,3.0,,2650.0,,14.0,,False
lag144,1,5161,EXP-035,3.0,10.0,60.0,1.0,12,390.0,,8.0,,1190.0,,9.0,,False
lag144,1,5161,EXP-035,3.0,10.0,60.0,0.9,12,240.0,,4.0,,1700.0,,13.0,,False
lag144,1,5161,EXP-035,3.0,10.0,60.0,0.8,12,80.0,,3.0,,2810.0,,14.0,,False
lag144,1,5161,EXP-035,3.0,10.0,120.0,1.0,12,290.0,,6.0,,1450.0,,7.0,,False
lag144,1,5161,EXP-035,3.0,10.0,120.0,0.9,12,140.0,,2.0,,2070.0,,11.0,,False
lag144,1,5161,EXP-035,3.0,10.0,120.0,0.8,12,80.0,,3.0,,2900.0,,11.0,,False
lstm,1,5161,EXP-053,3.0,0.0,0.0,1.0,12,130.0,10.0,8.333333333333334,0.5773502691896257,923.3333333333334,30.550504633038933,4.666666666666667,0.5773502691896258,True
lstm,1,5161,EXP-053,3.0,0.0,0.0,0.9,12,36.666666666666664,5.773502691896258,3.6666666666666665,0.5773502691896258,1536.6666666666667,58.59465277082315,7.666666666666667,0.5773502691896258,False
lstm,1,5161,EXP-053,3.0,0.0,0.0,0.8,12,0.0,0.0,0.0,0.0,2310.0,125.29964086141668,9.333333333333334,1.1547005383792517,False
lstm,1,5161,EXP-053,3.0,0.0,30.0,1.0,12,130.0,10.0,8.333333333333334,0.5773502691896257,930.0,36.05551275463989,4.666666666666667,0.5773502691896258,False
lstm,1,5161,EXP-053,3.0,0.0,30.0,0.9,12,36.666666666666664,5.773502691896258,3.6666666666666665,0.5773502691896258,1540.0,62.44997998398398,7.666666666666667,0.5773502691896258,False
lstm,1,5161,EXP-053,3.0,0.0,30.0,0.8,12,0.0,0.0,0.0,0.0,2336.6666666666665,130.12814197295424,9.333333333333334,1.1547005383792517,False
lstm,1,5161,EXP-053,3.0,0.0,60.0,1.0,12,130.0,10.0,8.333333333333334,0.5773502691896257,960.0,36.05551275463989,4.666666666666667,0.5773502691896258,False
lstm,1,5161,EXP-053,3.0,0.0,60.0,0.9,12,36.666666666666664,5.773502691896258,3.6666666666666665,0.5773502691896258,1560.0,60.0,7.666666666666667,0.5773502691896258,False
lstm,1,5161,EXP-053,3.0,0.0,60.0,0.8,12,0.0,0.0,0.0,0.0,2406.6666666666665,160.41612554021285,9.333333333333334,1.1547005383792517,False
lstm,1,5161,EXP-053,3.0,0.0,120.0,1.0,12,120.0,10.0,7.333333333333333,0.5773502691896258,1120.0,70.0,4.666666666666667,0.5773502691896258,False
lstm,1,5161,EXP-053,3.0,0.0,120.0,0.9,12,36.666666666666664,5.773502691896258,3.6666666666666665,0.5773502691896258,1633.3333333333333,87.36894948054105,7.333333333333333,0.5773502691896258,False
lstm,1,5161,EXP-053,3.0,0.0,120.0,0.8,12,0.0,0.0,0.0,0.0,2546.6666666666665,224.79620400116488,9.333333333333334,1.1547005383792517,False
lstm,1,5161,EXP-053,3.0,10.0,0.0,1.0,12,130.0,10.0,8.333333333333334,0.5773502691896257,923.3333333333334,30.550504633038933,4.666666666666667,0.5773502691896258,True
lstm,1,5161,EXP-053,3.0,10.0,0.0,0.9,12,36.666666666666664,5.773502691896258,3.6666666666666665,0.5773502691896258,1536.6666666666667,58.59465277082315,7.666666666666667,0.5773502691896258,False
lstm,1,5161,EXP-053,3.0,10.0,0.0,0.8,12,0.0,0.0,0.0,0.0,2310.0,125.29964086141668,9.333333333333334,1.1547005383792517,False
lstm,1,5161,EXP-053,3.0,10.0,30.0,1.0,12,130.0,10.0,8.333333333333334,0.5773502691896257,930.0,36.05551275463989,4.666666666666667,0.5773502691896258,False
lstm,1,5161,EXP-053,3.0,10.0,30.0,0.9,12,36.666666666666664,5.773502691896258,3.6666666666666665,0.5773502691896258,1540.0,62.44997998398398,7.666666666666667,0.5773502691896258,False
lstm,1,5161,EXP-053,3.0,10.0,30.0,0.8,12,0.0,0.0,0.0,0.0,2336.6666666666665,130.12814197295424,9.333333333333334,1.1547005383792517,False
lstm,1,5161,EXP-053,3.0,10.0,60.0,1.0,12,130.0,10.0,8.333333333333334,0.5773502691896257,960.0,36.05551275463989,4.666666666666667,0.5773502691896258,False
lstm,1,5161,EXP-053,3.0,10.0,60.0,0.9,12,36.666666666666664,5.773502691896258,3.6666666666666665,0.5773502691896258,1560.0,60.0,7.666666666666667,0.5773502691896258,False
lstm,1,5161,EXP-053,3.0,10.0,60.0,0.8,12,0.0,0.0,0.0,0.0,2406.6666666666665,160.41612554021285,9.333333333333334,1.1547005383792517,False
lstm,1,5161,EXP-053,3.0,10.0,120.0,1.0,12,120.0,10.0,7.333333333333333,0.5773502691896258,1120.0,70.0,4.666666666666667,0.5773502691896258,False
lstm,1,5161,EXP-053,3.0,10.0,120.0,0.9,12,36.666666666666664,5.773502691896258,3.6666666666666665,0.5773502691896258,1633.3333333333333,87.36894948054105,7.333333333333333,0.5773502691896258,False
lstm,1,5161,EXP-053,3.0,10.0,120.0,0.8,12,0.0,0.0,0.0,0.0,2546.6666666666665,224.79620400116488,9.333333333333334,1.1547005383792517,False
arima,1,5161,EXP-048,6.0,0.0,0.0,1.0,12,140.0,,8.0,,1150.0,,10.0,,False
arima,1,5161,EXP-048,6.0,0.0,0.0,0.9,12,60.0,,5.0,,1690.0,,17.0,,False
arima,1,5161,EXP-048,6.0,0.0,0.0,0.8,12,20.0,,2.0,,2620.0,,17.0,,False
arima,1,5161,EXP-048,6.0,0.0,30.0,1.0,12,130.0,,7.0,,1210.0,,9.0,,True
arima,1,5161,EXP-048,6.0,0.0,30.0,0.9,12,50.0,,4.0,,1810.0,,14.0,,False
arima,1,5161,EXP-048,6.0,0.0,30.0,0.8,12,20.0,,2.0,,2680.0,,16.0,,False
arima,1,5161,EXP-048,6.0,0.0,60.0,1.0,12,130.0,,7.0,,1320.0,,9.0,,False
arima,1,5161,EXP-048,6.0,0.0,60.0,0.9,12,50.0,,4.0,,1900.0,,12.0,,False
arima,1,5161,EXP-048,6.0,0.0,60.0,0.8,12,20.0,,2.0,,2860.0,,15.0,,False
arima,1,5161,EXP-048,6.0,0.0,120.0,1.0,12,130.0,,7.0,,1480.0,,7.0,,False
arima,1,5161,EXP-048,6.0,0.0,120.0,0.9,12,50.0,,4.0,,2200.0,,11.0,,False
arima,1,5161,EXP-048,6.0,0.0,120.0,0.8,12,10.0,,1.0,,2990.0,,12.0,,False
arima,1,5161,EXP-048,6.0,10.0,0.0,1.0,12,140.0,,8.0,,1150.0,,10.0,,False
arima,1,5161,EXP-048,6.0,10.0,0.0,0.9,12,60.0,,5.0,,1690.0,,17.0,,False
arima,1,5161,EXP-048,6.0,10.0,0.0,0.8,12,20.0,,2.0,,2620.0,,17.0,,False
arima,1,5161,EXP-048,6.0,10.0,30.0,1.0,12,130.0,,7.0,,1210.0,,9.0,,True
arima,1,5161,EXP-048,6.0,10.0,30.0,0.9,12,50.0,,4.0,,1810.0,,14.0,,False
arima,1,5161,EXP-048,6.0,10.0,30.0,0.8,12,20.0,,2.0,,2680.0,,16.0,,False
arima,1,5161,EXP-048,6.0,10.0,60.0,1.0,12,130.0,,7.0,,1320.0,,9.0,,False
arima,1,5161,EXP-048,6.0,10.0,60.0,0.9,12,50.0,,4.0,,1900.0,,12.0,,False
arima,1,5161,EXP-048,6.0,10.0,60.0,0.8,12,20.0,,2.0,,2860.0,,15.0,,False
arima,1,5161,EXP-048,6.0,10.0,120.0,1.0,12,130.0,,7.0,,1480.0,,7.0,,False
arima,1,5161,EXP-048,6.0,10.0,120.0,0.9,12,50.0,,4.0,,2200.0,,11.0,,False
arima,1,5161,EXP-048,6.0,10.0,120.0,0.8,12,10.0,,1.0,,2990.0,,12.0,,False
lag1,1,5161,EXP-030,6.0,0.0,0.0,1.0,12,220.0,,11.0,,910.0,,13.0,,False
lag1,1,5161,EXP-030,6.0,0.0,0.0,0.9,12,120.0,,8.0,,1470.0,,21.0,,False
lag1,1,5161,EXP-030,6.0,0.0,0.0,0.8,12,80.0,,5.0,,2500.0,,19.0,,False
lag1,1,5161,EXP-030,6.0,0.0,30.0,1.0,12,200.0,,10.0,,1040.0,,10.0,,True
lag1,1,5161,EXP-030,6.0,0.0,30.0,0.9,12,110.0,,8.0,,1630.0,,17.0,,False
lag1,1,5161,EXP-030,6.0,0.0,30.0,0.8,12,70.0,,4.0,,2620.0,,14.0,,False
lag1,1,5161,EXP-030,6.0,0.0,60.0,1.0,12,190.0,,9.0,,1200.0,,9.0,,False
lag1,1,5161,EXP-030,6.0,0.0,60.0,0.9,12,100.0,,7.0,,1710.0,,13.0,,False
lag1,1,5161,EXP-030,6.0,0.0,60.0,0.8,12,70.0,,4.0,,2780.0,,14.0,,False
lag1,1,5161,EXP-030,6.0,0.0,120.0,1.0,12,170.0,,9.0,,1460.0,,7.0,,False
lag1,1,5161,EXP-030,6.0,0.0,120.0,0.9,12,100.0,,7.0,,2080.0,,11.0,,False
lag1,1,5161,EXP-030,6.0,0.0,120.0,0.8,12,70.0,,4.0,,2870.0,,11.0,,False
lag1,1,5161,EXP-030,6.0,10.0,0.0,1.0,12,220.0,,11.0,,910.0,,13.0,,False
lag1,1,5161,EXP-030,6.0,10.0,0.0,0.9,12,120.0,,8.0,,1470.0,,21.0,,False
lag1,1,5161,EXP-030,6.0,10.0,0.0,0.8,12,80.0,,5.0,,2500.0,,19.0,,False
lag1,1,5161,EXP-030,6.0,10.0,30.0,1.0,12,200.0,,10.0,,1040.0,,10.0,,True
lag1,1,5161,EXP-030,6.0,10.0,30.0,0.9,12,110.0,,8.0,,1630.0,,17.0,,False
lag1,1,5161,EXP-030,6.0,10.0,30.0,0.8,12,70.0,,4.0,,2620.0,,14.0,,False
lag1,1,5161,EXP-030,6.0,10.0,60.0,1.0,12,190.0,,9.0,,1200.0,,9.0,,False
lag1,1,5161,EXP-030,6.0,10.0,60.0,0.9,12,100.0,,7.0,,1710.0,,13.0,,False
lag1,1,5161,EXP-030,6.0,10.0,60.0,0.8,12,70.0,,4.0,,2780.0,,14.0,,False
lag1,1,5161,EXP-030,6.0,10.0,120.0,1.0,12,170.0,,9.0,,1460.0,,7.0,,False
lag1,1,5161,EXP-030,6.0,10.0,120.0,0.9,12,100.0,,7.0,,2080.0,,11.0,,False
lag1,1,5161,EXP-030,6.0,10.0,120.0,0.8,12,70.0,,4.0,,2870.0,,11.0,,False
lag1008,1,5161,EXP-042,6.0,0.0,0.0,1.0,12,130.0,,9.0,,900.0,,5.0,,False
lag1008,1,5161,EXP-042,6.0,0.0,0.0,0.9,12,90.0,,6.0,,1170.0,,14.0,,False
lag1008,1,5161,EXP-042,6.0,0.0,0.0,0.8,12,40.0,,3.0,,1740.0,,17.0,,False
lag1008,1,5161,EXP-042,6.0,0.0,30.0,1.0,12,130.0,,9.0,,950.0,,4.0,,False
lag1008,1,5161,EXP-042,6.0,0.0,30.0,0.9,12,60.0,,5.0,,1330.0,,11.0,,False
lag1008,1,5161,EXP-042,6.0,0.0,30.0,0.8,12,30.0,,2.0,,1880.0,,16.0,,False
lag1008,1,5161,EXP-042,6.0,0.0,60.0,1.0,12,130.0,,9.0,,960.0,,3.0,,True
lag1008,1,5161,EXP-042,6.0,0.0,60.0,0.9,12,60.0,,5.0,,1500.0,,10.0,,False
lag1008,1,5161,EXP-042,6.0,0.0,60.0,0.8,12,40.0,,3.0,,2000.0,,13.0,,False
lag1008,1,5161,EXP-042,6.0,0.0,120.0,1.0,12,130.0,,9.0,,1010.0,,3.0,,False
lag1008,1,5161,EXP-042,6.0,0.0,120.0,0.9,12,30.0,,3.0,,1820.0,,9.0,,False
lag1008,1,5161,EXP-042,6.0,0.0,120.0,0.8,12,0.0,,0.0,,2320.0,,11.0,,False
lag1008,1,5161,EXP-042,6.0,10.0,0.0,1.0,12,130.0,,9.0,,900.0,,5.0,,False
lag1008,1,5161,EXP-042,6.0,10.0,0.0,0.9,12,90.0,,6.0,,1170.0,,14.0,,False
lag1008,1,5161,EXP-042,6.0,10.0,0.0,0.8,12,40.0,,3.0,,1740.0,,17.0,,False
lag1008,1,5161,EXP-042,6.0,10.0,30.0,1.0,12,130.0,,9.0,,950.0,,4.0,,False
lag1008,1,5161,EXP-042,6.0,10.0,30.0,0.9,12,60.0,,5.0,,1330.0,,11.0,,False
lag1008,1,5161,EXP-042,6.0,10.0,30.0,0.8,12,30.0,,2.0,,1880.0,,16.0,,False
lag1008,1,5161,EXP-042,6.0,10.0,60.0,1.0,12,130.0,,9.0,,960.0,,3.0,,True
lag1008,1,5161,EXP-042,6.0,10.0,60.0,0.9,12,60.0,,5.0,,1500.0,,10.0,,False
lag1008,1,5161,EXP-042,6.0,10.0,60.0,0.8,12,40.0,,3.0,,2000.0,,13.0,,False
lag1008,1,5161,EXP-042,6.0,10.0,120.0,1.0,12,130.0,,9.0,,1010.0,,3.0,,False
lag1008,1,5161,EXP-042,6.0,10.0,120.0,0.9,12,30.0,,3.0,,1820.0,,9.0,,False
lag1008,1,5161,EXP-042,6.0,10.0,120.0,0.8,12,0.0,,0.0,,2320.0,,11.0,,False
lag144,1,5161,EXP-036,6.0,0.0,0.0,1.0,12,500.0,,9.0,,910.0,,12.0,,False
lag144,1,5161,EXP-036,6.0,0.0,0.0,0.9,12,300.0,,4.0,,1460.0,,21.0,,False
lag144,1,5161,EXP-036,6.0,0.0,0.0,0.8,12,90.0,,4.0,,2530.0,,19.0,,False
lag144,1,5161,EXP-036,6.0,0.0,30.0,1.0,12,450.0,,9.0,,1030.0,,10.0,,True
lag144,1,5161,EXP-036,6.0,0.0,30.0,0.9,12,270.0,,4.0,,1620.0,,17.0,,False
lag144,1,5161,EXP-036,6.0,0.0,30.0,0.8,12,80.0,,3.0,,2650.0,,14.0,,False
lag144,1,5161,EXP-036,6.0,0.0,60.0,1.0,12,390.0,,8.0,,1190.0,,9.0,,False
lag144,1,5161,EXP-036,6.0,0.0,60.0,0.9,12,240.0,,4.0,,1700.0,,13.0,,False
lag144,1,5161,EXP-036,6.0,0.0,60.0,0.8,12,80.0,,3.0,,2810.0,,14.0,,False
lag144,1,5161,EXP-036,6.0,0.0,120.0,1.0,12,290.0,,6.0,,1450.0,,7.0,,False
lag144,1,5161,EXP-036,6.0,0.0,120.0,0.9,12,140.0,,2.0,,2070.0,,11.0,,False
lag144,1,5161,EXP-036,6.0,0.0,120.0,0.8,12,80.0,,3.0,,2900.0,,11.0,,False
lag144,1,5161,EXP-036,6.0,10.0,0.0,1.0,12,500.0,,9.0,,910.0,,12.0,,False
lag144,1,5161,EXP-036,6.0,10.0,0.0,0.9,12,300.0,,4.0,,1460.0,,21.0,,False
lag144,1,5161,EXP-036,6.0,10.0,0.0,0.8,12,90.0,,4.0,,2530.0,,19.0,,False
lag144,1,5161,EXP-036,6.0,10.0,30.0,1.0,12,450.0,,9.0,,1030.0,,10.0,,True
lag144,1,5161,EXP-036,6.0,10.0,30.0,0.9,12,270.0,,4.0,,1620.0,,17.0,,False
lag144,1,5161,EXP-036,6.0,10.0,30.0,0.8,12,80.0,,3.0,,2650.0,,14.0,,False
lag144,1,5161,EXP-036,6.0,10.0,60.0,1.0,12,390.0,,8.0,,1190.0,,9.0,,False
lag144,1,5161,EXP-036,6.0,10.0,60.0,0.9,12,240.0,,4.0,,1700.0,,13.0,,False
lag144,1,5161,EXP-036,6.0,10.0,60.0,0.8,12,80.0,,3.0,,2810.0,,14.0,,False
lag144,1,5161,EXP-036,6.0,10.0,120.0,1.0,12,290.0,,6.0,,1450.0,,7.0,,False
lag144,1,5161,EXP-036,6.0,10.0,120.0,0.9,12,140.0,,2.0,,2070.0,,11.0,,False
lag144,1,5161,EXP-036,6.0,10.0,120.0,0.8,12,80.0,,3.0,,2900.0,,11.0,,False
lstm,1,5161,EXP-054,6.0,0.0,0.0,1.0,12,153.33333333333334,20.81665999466133,8.0,1.0,943.3333333333334,32.145502536643185,6.0,0.0,True
lstm,1,5161,EXP-054,6.0,0.0,0.0,0.9,12,56.666666666666664,25.16611478423583,4.666666666666667,1.5275252316519465,1563.3333333333333,41.63331998932265,8.0,1.0,False
lstm,1,5161,EXP-054,6.0,0.0,0.0,0.8,12,6.666666666666667,5.773502691896258,0.6666666666666666,0.5773502691896258,2220.0,45.8257569495584,7.666666666666667,0.5773502691896258,False
lstm,1,5161,EXP-054,6.0,0.0,30.0,1.0,12,153.33333333333334,20.81665999466133,8.0,1.0,956.6666666666666,20.816659994661325,6.0,0.0,False
lstm,1,5161,EXP-054,6.0,0.0,30.0,0.9,12,53.333333333333336,20.81665999466133,4.333333333333333,1.1547005383792517,1570.0,34.64101615137755,7.666666666666667,0.5773502691896258,False
lstm,1,5161,EXP-054,6.0,0.0,30.0,0.8,12,6.666666666666667,5.773502691896258,0.6666666666666666,0.5773502691896258,2220.0,45.8257569495584,7.666666666666667,0.5773502691896258,False
lstm,1,5161,EXP-054,6.0,0.0,60.0,1.0,12,153.33333333333334,20.81665999466133,8.0,1.0,1013.3333333333334,15.275252316519467,6.0,0.0,False
lstm,1,5161,EXP-054,6.0,0.0,60.0,0.9,12,50.0,20.0,4.0,1.0,1583.3333333333333,25.166114784235834,7.333333333333333,0.5773502691896258,False
lstm,1,5161,EXP-054,6.0,0.0,60.0,0.8,12,6.666666666666667,5.773502691896258,0.6666666666666666,0.5773502691896258,2240.0,62.44997998398398,7.666666666666667,0.5773502691896258,False
lstm,1,5161,EXP-054,6.0,0.0,120.0,1.0,12,153.33333333333334,20.81665999466133,8.0,1.0,1246.6666666666667,20.81665999466133,6.0,0.0,False
lstm,1,5161,EXP-054,6.0,0.0,120.0,0.9,12,50.0,20.0,4.0,1.0,1650.0,45.8257569495584,7.0,0.0,False
lstm,1,5161,EXP-054,6.0,0.0,120.0,0.8,12,6.666666666666667,5.773502691896258,0.6666666666666666,0.5773502691896258,2280.0,96.43650760992955,7.666666666666667,0.5773502691896258,False
lstm,1,5161,EXP-054,6.0,10.0,0.0,1.0,12,153.33333333333334,20.81665999466133,8.0,1.0,943.3333333333334,32.145502536643185,6.0,0.0,True
lstm,1,5161,EXP-054,6.0,10.0,0.0,0.9,12,56.666666666666664,25.16611478423583,4.666666666666667,1.5275252316519465,1563.3333333333333,41.63331998932265,8.0,1.0,False
lstm,1,5161,EXP-054,6.0,10.0,0.0,0.8,12,6.666666666666667,5.773502691896258,0.6666666666666666,0.5773502691896258,2220.0,45.8257569495584,7.666666666666667,0.5773502691896258,False
lstm,1,5161,EXP-054,6.0,10.0,30.0,1.0,12,153.33333333333334,20.81665999466133,8.0,1.0,956.6666666666666,20.816659994661325,6.0,0.0,False
lstm,1,5161,EXP-054,6.0,10.0,30.0,0.9,12,53.333333333333336,20.81665999466133,4.333333333333333,1.1547005383792517,1570.0,34.64101615137755,7.666666666666667,0.5773502691896258,False
lstm,1,5161,EXP-054,6.0,10.0,30.0,0.8,12,6.666666666666667,5.773502691896258,0.6666666666666666,0.5773502691896258,2220.0,45.8257569495584,7.666666666666667,0.5773502691896258,False
lstm,1,5161,EXP-054,6.0,10.0,60.0,1.0,12,153.33333333333334,20.81665999466133,8.0,1.0,1013.3333333333334,15.275252316519467,6.0,0.0,False
lstm,1,5161,EXP-054,6.0,10.0,60.0,0.9,12,50.0,20.0,4.0,1.0,1583.3333333333333,25.166114784235834,7.333333333333333,0.5773502691896258,False
lstm,1,5161,EXP-054,6.0,10.0,60.0,0.8,12,6.666666666666667,5.773502691896258,0.6666666666666666,0.5773502691896258,2240.0,62.44997998398398,7.666666666666667,0.5773502691896258,False
lstm,1,5161,EXP-054,6.0,10.0,120.0,1.0,12,153.33333333333334,20.81665999466133,8.0,1.0,1246.6666666666667,20.81665999466133,6.0,0.0,False
lstm,1,5161,EXP-054,6.0,10.0,120.0,0.9,12,50.0,20.0,4.0,1.0,1650.0,45.8257569495584,7.0,0.0,False
lstm,1,5161,EXP-054,6.0,10.0,120.0,0.8,12,6.666666666666667,5.773502691896258,0.6666666666666666,0.5773502691896258,2280.0,96.43650760992955,7.666666666666667,0.5773502691896258,False
always_on,1,5161,,,,,,12,0.0,,0.0,,10080.0,,1.0,,False
oracle,1,5161,,,,,,12,0.0,,0.0,,910.0,,13.0,,False
arima,2,5059,EXP-022,1.0,0.0,0.0,1.0,8,70.0,,6.0,,3330.0,,8.0,,False
arima,2,5059,EXP-022,1.0,0.0,0.0,0.9,8,10.0,,1.0,,3690.0,,7.0,,False
arima,2,5059,EXP-022,1.0,0.0,0.0,0.8,8,0.0,,0.0,,4010.0,,8.0,,False
arima,2,5059,EXP-022,1.0,0.0,30.0,1.0,8,60.0,,6.0,,3340.0,,7.0,,True
arima,2,5059,EXP-022,1.0,0.0,30.0,0.9,8,10.0,,1.0,,3690.0,,7.0,,False
arima,2,5059,EXP-022,1.0,0.0,30.0,0.8,8,0.0,,0.0,,4030.0,,8.0,,False
arima,2,5059,EXP-022,1.0,0.0,60.0,1.0,8,60.0,,6.0,,3340.0,,7.0,,False
arima,2,5059,EXP-022,1.0,0.0,60.0,0.9,8,10.0,,1.0,,3690.0,,7.0,,False
arima,2,5059,EXP-022,1.0,0.0,60.0,0.8,8,0.0,,0.0,,4060.0,,8.0,,False
arima,2,5059,EXP-022,1.0,0.0,120.0,1.0,8,60.0,,6.0,,3340.0,,7.0,,False
arima,2,5059,EXP-022,1.0,0.0,120.0,0.9,8,10.0,,1.0,,3690.0,,7.0,,False
arima,2,5059,EXP-022,1.0,0.0,120.0,0.8,8,0.0,,0.0,,4120.0,,8.0,,False
arima,2,5059,EXP-022,1.0,10.0,0.0,1.0,8,120.0,,7.0,,3330.0,,8.0,,False
arima,2,5059,EXP-022,1.0,10.0,0.0,0.9,8,30.0,,3.0,,3690.0,,7.0,,False
arima,2,5059,EXP-022,1.0,10.0,0.0,0.8,8,0.0,,0.0,,4010.0,,8.0,,False
arima,2,5059,EXP-022,1.0,10.0,30.0,1.0,8,110.0,,7.0,,3340.0,,7.0,,True
arima,2,5059,EXP-022,1.0,10.0,30.0,0.9,8,30.0,,3.0,,3690.0,,7.0,,False
arima,2,5059,EXP-022,1.0,10.0,30.0,0.8,8,0.0,,0.0,,4030.0,,8.0,,False
arima,2,5059,EXP-022,1.0,10.0,60.0,1.0,8,110.0,,7.0,,3340.0,,7.0,,False
arima,2,5059,EXP-022,1.0,10.0,60.0,0.9,8,30.0,,3.0,,3690.0,,7.0,,False
arima,2,5059,EXP-022,1.0,10.0,60.0,0.8,8,0.0,,0.0,,4060.0,,8.0,,False
arima,2,5059,EXP-022,1.0,10.0,120.0,1.0,8,110.0,,7.0,,3340.0,,7.0,,False
arima,2,5059,EXP-022,1.0,10.0,120.0,0.9,8,30.0,,3.0,,3690.0,,7.0,,False
arima,2,5059,EXP-022,1.0,10.0,120.0,0.8,8,0.0,,0.0,,4120.0,,8.0,,False
lag1,2,5059,EXP-020,1.0,0.0,0.0,1.0,8,130.0,,8.0,,3240.0,,13.0,,False
lag1,2,5059,EXP-020,1.0,0.0,0.0,0.9,8,10.0,,1.0,,3640.0,,11.0,,False
lag1,2,5059,EXP-020,1.0,0.0,0.0,0.8,8,0.0,,0.0,,4000.0,,10.0,,False
lag1,2,5059,EXP-020,1.0,0.0,30.0,1.0,8,100.0,,7.0,,3320.0,,10.0,,True
lag1,2,5059,EXP-020,1.0,0.0,30.0,0.9,8,10.0,,1.0,,3680.0,,8.0,,False
lag1,2,5059,EXP-020,1.0,0.0,30.0,0.8,8,0.0,,0.0,,4060.0,,10.0,,False
lag1,2,5059,EXP-020,1.0,0.0,60.0,1.0,8,100.0,,7.0,,3410.0,,10.0,,False
lag1,2,5059,EXP-020,1.0,0.0,60.0,0.9,8,10.0,,1.0,,3710.0,,8.0,,False
lag1,2,5059,EXP-020,1.0,0.0,60.0,0.8,8,0.0,,0.0,,4150.0,,10.0,,False
lag1,2,5059,EXP-020,1.0,0.0,120.0,1.0,8,100.0,,7.0,,3590.0,,10.0,,False
lag1,2,5059,EXP-020,1.0,0.0,120.0,0.9,8,10.0,,1.0,,3770.0,,8.0,,False
lag1,2,5059,EXP-020,1.0,0.0,120.0,0.8,8,0.0,,0.0,,4330.0,,10.0,,False
lag1,2,5059,EXP-020,1.0,10.0,0.0,1.0,8,180.0,,8.0,,3240.0,,13.0,,False
lag1,2,5059,EXP-020,1.0,10.0,0.0,0.9,8,40.0,,4.0,,3640.0,,11.0,,False
lag1,2,5059,EXP-020,1.0,10.0,0.0,0.8,8,0.0,,0.0,,4000.0,,10.0,,False
lag1,2,5059,EXP-020,1.0,10.0,30.0,1.0,8,140.0,,7.0,,3320.0,,10.0,,True
lag1,2,5059,EXP-020,1.0,10.0,30.0,0.9,8,20.0,,2.0,,3680.0,,8.0,,False
lag1,2,5059,EXP-020,1.0,10.0,30.0,0.8,8,0.0,,0.0,,4060.0,,10.0,,False
lag1,2,5059,EXP-020,1.0,10.0,60.0,1.0,8,140.0,,7.0,,3410.0,,10.0,,False
lag1,2,5059,EXP-020,1.0,10.0,60.0,0.9,8,20.0,,2.0,,3710.0,,8.0,,False
lag1,2,5059,EXP-020,1.0,10.0,60.0,0.8,8,0.0,,0.0,,4150.0,,10.0,,False
lag1,2,5059,EXP-020,1.0,10.0,120.0,1.0,8,140.0,,7.0,,3590.0,,10.0,,False
lag1,2,5059,EXP-020,1.0,10.0,120.0,0.9,8,20.0,,2.0,,3770.0,,8.0,,False
lag1,2,5059,EXP-020,1.0,10.0,120.0,0.8,8,0.0,,0.0,,4330.0,,10.0,,False
lag1008,2,5059,EXP-027,1.0,0.0,0.0,1.0,8,600.0,,7.0,,2680.0,,28.0,,False
lag1008,2,5059,EXP-027,1.0,0.0,0.0,0.9,8,180.0,,3.0,,3260.0,,15.0,,False
lag1008,2,5059,EXP-027,1.0,0.0,0.0,0.8,8,40.0,,2.0,,3680.0,,16.0,,False
lag1008,2,5059,EXP-027,1.0,0.0,30.0,1.0,8,480.0,,5.0,,2820.0,,19.0,,False
lag1008,2,5059,EXP-027,1.0,0.0,30.0,0.9,8,130.0,,3.0,,3340.0,,12.0,,False
lag1008,2,5059,EXP-027,1.0,0.0,30.0,0.8,8,30.0,,1.0,,3810.0,,14.0,,False
lag1008,2,5059,EXP-027,1.0,0.0,60.0,1.0,8,350.0,,5.0,,2980.0,,16.0,,True
lag1008,2,5059,EXP-027,1.0,0.0,60.0,0.9,8,110.0,,3.0,,3410.0,,10.0,,False
lag1008,2,5059,EXP-027,1.0,0.0,60.0,0.8,8,30.0,,1.0,,3920.0,,12.0,,False
lag1008,2,5059,EXP-027,1.0,0.0,120.0,1.0,8,290.0,,5.0,,3240.0,,13.0,,False
lag1008,2,5059,EXP-027,1.0,0.0,120.0,0.9,8,90.0,,3.0,,3550.0,,9.0,,False
lag1008,2,5059,EXP-027,1.0,0.0,120.0,0.8,8,30.0,,1.0,,4040.0,,10.0,,False
lag1008,2,5059,EXP-027,1.0,10.0,0.0,1.0,8,600.0,,6.0,,2680.0,,28.0,,False
lag1008,2,5059,EXP-027,1.0,10.0,0.0,0.9,8,190.0,,5.0,,3260.0,,15.0,,False
lag1008,2,5059,EXP-027,1.0,10.0,0.0,0.8,8,50.0,,3.0,,3680.0,,16.0,,False
lag1008,2,5059,EXP-027,1.0,10.0,30.0,1.0,8,490.0,,6.0,,2820.0,,19.0,,False
lag1008,2,5059,EXP-027,1.0,10.0,30.0,0.9,8,140.0,,5.0,,3340.0,,12.0,,False
lag1008,2,5059,EXP-027,1.0,10.0,30.0,0.8,8,50.0,,3.0,,3810.0,,14.0,,False
lag1008,2,5059,EXP-027,1.0,10.0,60.0,1.0,8,360.0,,6.0,,2980.0,,16.0,,True
lag1008,2,5059,EXP-027,1.0,10.0,60.0,0.9,8,120.0,,4.0,,3410.0,,10.0,,False
lag1008,2,5059,EXP-027,1.0,10.0,60.0,0.8,8,40.0,,2.0,,3920.0,,12.0,,False
lag1008,2,5059,EXP-027,1.0,10.0,120.0,1.0,8,320.0,,6.0,,3240.0,,13.0,,False
lag1008,2,5059,EXP-027,1.0,10.0,120.0,0.9,8,100.0,,4.0,,3550.0,,9.0,,False
lag1008,2,5059,EXP-027,1.0,10.0,120.0,0.8,8,30.0,,1.0,,4040.0,,10.0,,False
lag144,2,5059,EXP-018,1.0,0.0,0.0,1.0,8,340.0,,4.0,,3210.0,,14.0,,False
lag144,2,5059,EXP-018,1.0,0.0,0.0,0.9,8,140.0,,4.0,,3630.0,,11.0,,False
lag144,2,5059,EXP-018,1.0,0.0,0.0,0.8,8,60.0,,2.0,,3980.0,,10.0,,False
lag144,2,5059,EXP-018,1.0,0.0,30.0,1.0,8,270.0,,4.0,,3310.0,,10.0,,True
lag144,2,5059,EXP-018,1.0,0.0,30.0,0.9,8,130.0,,3.0,,3670.0,,8.0,,False
lag144,2,5059,EXP-018,1.0,0.0,30.0,0.8,8,60.0,,2.0,,4040.0,,10.0,,False
lag144,2,5059,EXP-018,1.0,0.0,60.0,1.0,8,230.0,,4.0,,3400.0,,10.0,,False
lag144,2,5059,EXP-018,1.0,0.0,60.0,0.9,8,130.0,,3.0,,3700.0,,8.0,,False
lag144,2,5059,EXP-018,1.0,0.0,60.0,0.8,8,60.0,,2.0,,4130.0,,10.0,,False
lag144,2,5059,EXP-018,1.0,0.0,120.0,1.0,8,210.0,,4.0,,3580.0,,10.0,,False
lag144,2,5059,EXP-018,1.0,0.0,120.0,0.9,8,130.0,,3.0,,3760.0,,8.0,,False
lag144,2,5059,EXP-018,1.0,0.0,120.0,0.8,8,60.0,,2.0,,4310.0,,10.0,,False
lag144,2,5059,EXP-018,1.0,10.0,0.0,1.0,8,330.0,,4.0,,3210.0,,14.0,,False
lag144,2,5059,EXP-018,1.0,10.0,0.0,0.9,8,140.0,,3.0,,3630.0,,11.0,,False
lag144,2,5059,EXP-018,1.0,10.0,0.0,0.8,8,70.0,,2.0,,3980.0,,10.0,,False
lag144,2,5059,EXP-018,1.0,10.0,30.0,1.0,8,270.0,,4.0,,3310.0,,10.0,,True
lag144,2,5059,EXP-018,1.0,10.0,30.0,0.9,8,130.0,,3.0,,3670.0,,8.0,,False
lag144,2,5059,EXP-018,1.0,10.0,30.0,0.8,8,70.0,,2.0,,4040.0,,10.0,,False
lag144,2,5059,EXP-018,1.0,10.0,60.0,1.0,8,240.0,,4.0,,3400.0,,10.0,,False
lag144,2,5059,EXP-018,1.0,10.0,60.0,0.9,8,130.0,,3.0,,3700.0,,8.0,,False
lag144,2,5059,EXP-018,1.0,10.0,60.0,0.8,8,70.0,,2.0,,4130.0,,10.0,,False
lag144,2,5059,EXP-018,1.0,10.0,120.0,1.0,8,230.0,,4.0,,3580.0,,10.0,,False
lag144,2,5059,EXP-018,1.0,10.0,120.0,0.9,8,130.0,,3.0,,3760.0,,8.0,,False
lag144,2,5059,EXP-018,1.0,10.0,120.0,0.8,8,70.0,,2.0,,4310.0,,10.0,,False
lstm,2,5059,EXP-024,1.0,0.0,0.0,1.0,8,90.0,17.320508075688775,6.666666666666667,0.5773502691896258,3333.3333333333335,32.145502536643185,7.0,0.0,False
lstm,2,5059,EXP-024,1.0,0.0,0.0,0.9,8,10.0,0.0,1.0,0.0,3736.6666666666665,40.414518843273804,7.0,0.0,False
lstm,2,5059,EXP-024,1.0,0.0,0.0,0.8,8,0.0,0.0,0.0,0.0,4096.666666666667,15.275252316519467,7.0,0.0,False
lstm,2,5059,EXP-024,1.0,0.0,30.0,1.0,8,90.0,17.320508075688775,6.666666666666667,0.5773502691896258,3333.3333333333335,32.145502536643185,7.0,0.0,False
lstm,2,5059,EXP-024,1.0,0.0,30.0,0.9,8,10.0,0.0,1.0,0.0,3736.6666666666665,40.414518843273804,7.0,0.0,False
lstm,2,5059,EXP-024,1.0,0.0,30.0,0.8,8,0.0,0.0,0.0,0.0,4096.666666666667,15.275252316519467,7.0,0.0,False
lstm,2,5059,EXP-024,1.0,0.0,60.0,1.0,8,90.0,17.320508075688775,6.666666666666667,0.5773502691896258,3333.3333333333335,32.145502536643185,7.0,0.0,False
lstm,2,5059,EXP-024,1.0,0.0,60.0,0.9,8,10.0,0.0,1.0,0.0,3736.6666666666665,40.414518843273804,7.0,0.0,False
lstm,2,5059,EXP-024,1.0,0.0,60.0,0.8,8,0.0,0.0,0.0,0.0,4096.666666666667,15.275252316519467,7.0,0.0,False
lstm,2,5059,EXP-024,1.0,0.0,120.0,1.0,8,90.0,17.320508075688775,6.666666666666667,0.5773502691896258,3333.3333333333335,32.145502536643185,7.0,0.0,True
lstm,2,5059,EXP-024,1.0,0.0,120.0,0.9,8,10.0,0.0,1.0,0.0,3736.6666666666665,40.414518843273804,7.0,0.0,False
lstm,2,5059,EXP-024,1.0,0.0,120.0,0.8,8,0.0,0.0,0.0,0.0,4096.666666666667,15.275252316519467,7.0,0.0,False
lstm,2,5059,EXP-024,1.0,10.0,0.0,1.0,8,143.33333333333334,11.547005383792515,7.0,0.0,3333.3333333333335,32.145502536643185,7.0,0.0,False
lstm,2,5059,EXP-024,1.0,10.0,0.0,0.9,8,23.333333333333332,5.773502691896257,2.3333333333333335,0.5773502691896258,3736.6666666666665,40.414518843273804,7.0,0.0,False
lstm,2,5059,EXP-024,1.0,10.0,0.0,0.8,8,0.0,0.0,0.0,0.0,4096.666666666667,15.275252316519467,7.0,0.0,False
lstm,2,5059,EXP-024,1.0,10.0,30.0,1.0,8,143.33333333333334,11.547005383792515,7.0,0.0,3333.3333333333335,32.145502536643185,7.0,0.0,False
lstm,2,5059,EXP-024,1.0,10.0,30.0,0.9,8,23.333333333333332,5.773502691896257,2.3333333333333335,0.5773502691896258,3736.6666666666665,40.414518843273804,7.0,0.0,False
lstm,2,5059,EXP-024,1.0,10.0,30.0,0.8,8,0.0,0.0,0.0,0.0,4096.666666666667,15.275252316519467,7.0,0.0,False
lstm,2,5059,EXP-024,1.0,10.0,60.0,1.0,8,143.33333333333334,11.547005383792515,7.0,0.0,3333.3333333333335,32.145502536643185,7.0,0.0,False
lstm,2,5059,EXP-024,1.0,10.0,60.0,0.9,8,23.333333333333332,5.773502691896257,2.3333333333333335,0.5773502691896258,3736.6666666666665,40.414518843273804,7.0,0.0,False
lstm,2,5059,EXP-024,1.0,10.0,60.0,0.8,8,0.0,0.0,0.0,0.0,4096.666666666667,15.275252316519467,7.0,0.0,False
lstm,2,5059,EXP-024,1.0,10.0,120.0,1.0,8,143.33333333333334,11.547005383792515,7.0,0.0,3333.3333333333335,32.145502536643185,7.0,0.0,True
lstm,2,5059,EXP-024,1.0,10.0,120.0,0.9,8,23.333333333333332,5.773502691896257,2.3333333333333335,0.5773502691896258,3736.6666666666665,40.414518843273804,7.0,0.0,False
lstm,2,5059,EXP-024,1.0,10.0,120.0,0.8,8,0.0,0.0,0.0,0.0,4096.666666666667,15.275252316519467,7.0,0.0,False
arima,2,5059,EXP-049,3.0,0.0,0.0,1.0,8,60.0,,4.0,,3450.0,,7.0,,True
arima,2,5059,EXP-049,3.0,0.0,0.0,0.9,8,10.0,,1.0,,3780.0,,7.0,,False
arima,2,5059,EXP-049,3.0,0.0,0.0,0.8,8,0.0,,0.0,,4090.0,,7.0,,False
arima,2,5059,EXP-049,3.0,0.0,30.0,1.0,8,60.0,,4.0,,3450.0,,7.0,,False
arima,2,5059,EXP-049,3.0,0.0,30.0,0.9,8,10.0,,1.0,,3780.0,,7.0,,False
arima,2,5059,EXP-049,3.0,0.0,30.0,0.8,8,0.0,,0.0,,4090.0,,7.0,,False
arima,2,5059,EXP-049,3.0,0.0,60.0,1.0,8,60.0,,4.0,,3450.0,,7.0,,False
arima,2,5059,EXP-049,3.0,0.0,60.0,0.9,8,10.0,,1.0,,3780.0,,7.0,,False
arima,2,5059,EXP-049,3.0,0.0,60.0,0.8,8,0.0,,0.0,,4090.0,,7.0,,False
arima,2,5059,EXP-049,3.0,0.0,120.0,1.0,8,60.0,,4.0,,3450.0,,7.0,,False
arima,2,5059,EXP-049,3.0,0.0,120.0,0.9,8,10.0,,1.0,,3780.0,,7.0,,False
arima,2,5059,EXP-049,3.0,0.0,120.0,0.8,8,0.0,,0.0,,4090.0,,7.0,,False
arima,2,5059,EXP-049,3.0,10.0,0.0,1.0,8,60.0,,4.0,,3450.0,,7.0,,True
arima,2,5059,EXP-049,3.0,10.0,0.0,0.9,8,10.0,,1.0,,3780.0,,7.0,,False
arima,2,5059,EXP-049,3.0,10.0,0.0,0.8,8,0.0,,0.0,,4090.0,,7.0,,False
arima,2,5059,EXP-049,3.0,10.0,30.0,1.0,8,60.0,,4.0,,3450.0,,7.0,,False
arima,2,5059,EXP-049,3.0,10.0,30.0,0.9,8,10.0,,1.0,,3780.0,,7.0,,False
arima,2,5059,EXP-049,3.0,10.0,30.0,0.8,8,0.0,,0.0,,4090.0,,7.0,,False
arima,2,5059,EXP-049,3.0,10.0,60.0,1.0,8,60.0,,4.0,,3450.0,,7.0,,False
arima,2,5059,EXP-049,3.0,10.0,60.0,0.9,8,10.0,,1.0,,3780.0,,7.0,,False
arima,2,5059,EXP-049,3.0,10.0,60.0,0.8,8,0.0,,0.0,,4090.0,,7.0,,False
arima,2,5059,EXP-049,3.0,10.0,120.0,1.0,8,60.0,,4.0,,3450.0,,7.0,,False
arima,2,5059,EXP-049,3.0,10.0,120.0,0.9,8,10.0,,1.0,,3780.0,,7.0,,False
arima,2,5059,EXP-049,3.0,10.0,120.0,0.8,8,0.0,,0.0,,4090.0,,7.0,,False
lag1,2,5059,EXP-031,3.0,0.0,0.0,1.0,8,210.0,,7.0,,3240.0,,13.0,,False
lag1,2,5059,EXP-031,3.0,0.0,0.0,0.9,8,60.0,,4.0,,3640.0,,11.0,,False
lag1,2,5059,EXP-031,3.0,0.0,0.0,0.8,8,10.0,,1.0,,4000.0,,10.0,,False
lag1,2,5059,EXP-031,3.0,0.0,30.0,1.0,8,170.0,,7.0,,3320.0,,10.0,,True
lag1,2,5059,EXP-031,3.0,0.0,30.0,0.9,8,40.0,,3.0,,3680.0,,8.0,,False
lag1,2,5059,EXP-031,3.0,0.0,30.0,0.8,8,10.0,,1.0,,4060.0,,10.0,,False
lag1,2,5059,EXP-031,3.0,0.0,60.0,1.0,8,170.0,,7.0,,3410.0,,10.0,,False
lag1,2,5059,EXP-031,3.0,0.0,60.0,0.9,8,40.0,,3.0,,3710.0,,8.0,,False
lag1,2,5059,EXP-031,3.0,0.0,60.0,0.8,8,10.0,,1.0,,4150.0,,10.0,,False
lag1,2,5059,EXP-031,3.0,0.0,120.0,1.0,8,170.0,,7.0,,3590.0,,10.0,,False
lag1,2,5059,EXP-031,3.0,0.0,120.0,0.9,8,40.0,,3.0,,3770.0,,8.0,,False
lag1,2,5059,EXP-031,3.0,0.0,120.0,0.8,8,10.0,,1.0,,4330.0,,10.0,,False
lag1,2,5059,EXP-031,3.0,10.0,0.0,1.0,8,210.0,,7.0,,3240.0,,13.0,,False
lag1,2,5059,EXP-031,3.0,10.0,0.0,0.9,8,60.0,,4.0,,3640.0,,11.0,,False
lag1,2,5059,EXP-031,3.0,10.0,0.0,0.8,8,10.0,,1.0,,4000.0,,10.0,,False
lag1,2,5059,EXP-031,3.0,10.0,30.0,1.0,8,170.0,,7.0,,3320.0,,10.0,,True
lag1,2,5059,EXP-031,3.0,10.0,30.0,0.9,8,40.0,,3.0,,3680.0,,8.0,,False
lag1,2,5059,EXP-031,3.0,10.0,30.0,0.8,8,10.0,,1.0,,4060.0,,10.0,,False
lag1,2,5059,EXP-031,3.0,10.0,60.0,1.0,8,170.0,,7.0,,3410.0,,10.0,,False
lag1,2,5059,EXP-031,3.0,10.0,60.0,0.9,8,40.0,,3.0,,3710.0,,8.0,,False
lag1,2,5059,EXP-031,3.0,10.0,60.0,0.8,8,10.0,,1.0,,4150.0,,10.0,,False
lag1,2,5059,EXP-031,3.0,10.0,120.0,1.0,8,170.0,,7.0,,3590.0,,10.0,,False
lag1,2,5059,EXP-031,3.0,10.0,120.0,0.9,8,40.0,,3.0,,3770.0,,8.0,,False
lag1,2,5059,EXP-031,3.0,10.0,120.0,0.8,8,10.0,,1.0,,4330.0,,10.0,,False
lag1008,2,5059,EXP-043,3.0,0.0,0.0,1.0,8,600.0,,7.0,,2680.0,,28.0,,False
lag1008,2,5059,EXP-043,3.0,0.0,0.0,0.9,8,180.0,,3.0,,3260.0,,15.0,,False
lag1008,2,5059,EXP-043,3.0,0.0,0.0,0.8,8,40.0,,2.0,,3680.0,,16.0,,False
lag1008,2,5059,EXP-043,3.0,0.0,30.0,1.0,8,480.0,,5.0,,2820.0,,19.0,,False
lag1008,2,5059,EXP-043,3.0,0.0,30.0,0.9,8,130.0,,3.0,,3340.0,,12.0,,False
lag1008,2,5059,EXP-043,3.0,0.0,30.0,0.8,8,30.0,,1.0,,3810.0,,14.0,,False
lag1008,2,5059,EXP-043,3.0,0.0,60.0,1.0,8,350.0,,5.0,,2980.0,,16.0,,True
lag1008,2,5059,EXP-043,3.0,0.0,60.0,0.9,8,110.0,,3.0,,3410.0,,10.0,,False
lag1008,2,5059,EXP-043,3.0,0.0,60.0,0.8,8,30.0,,1.0,,3920.0,,12.0,,False
lag1008,2,5059,EXP-043,3.0,0.0,120.0,1.0,8,290.0,,5.0,,3240.0,,13.0,,False
lag1008,2,5059,EXP-043,3.0,0.0,120.0,0.9,8,90.0,,3.0,,3550.0,,9.0,,False
lag1008,2,5059,EXP-043,3.0,0.0,120.0,0.8,8,30.0,,1.0,,4040.0,,10.0,,False
lag1008,2,5059,EXP-043,3.0,10.0,0.0,1.0,8,600.0,,7.0,,2680.0,,28.0,,False
lag1008,2,5059,EXP-043,3.0,10.0,0.0,0.9,8,180.0,,3.0,,3260.0,,15.0,,False
lag1008,2,5059,EXP-043,3.0,10.0,0.0,0.8,8,40.0,,2.0,,3680.0,,16.0,,False
lag1008,2,5059,EXP-043,3.0,10.0,30.0,1.0,8,480.0,,5.0,,2820.0,,19.0,,False
lag1008,2,5059,EXP-043,3.0,10.0,30.0,0.9,8,130.0,,3.0,,3340.0,,12.0,,False
lag1008,2,5059,EXP-043,3.0,10.0,30.0,0.8,8,30.0,,1.0,,3810.0,,14.0,,False
lag1008,2,5059,EXP-043,3.0,10.0,60.0,1.0,8,350.0,,5.0,,2980.0,,16.0,,True
lag1008,2,5059,EXP-043,3.0,10.0,60.0,0.9,8,110.0,,3.0,,3410.0,,10.0,,False
lag1008,2,5059,EXP-043,3.0,10.0,60.0,0.8,8,30.0,,1.0,,3920.0,,12.0,,False
lag1008,2,5059,EXP-043,3.0,10.0,120.0,1.0,8,290.0,,5.0,,3240.0,,13.0,,False
lag1008,2,5059,EXP-043,3.0,10.0,120.0,0.9,8,90.0,,3.0,,3550.0,,9.0,,False
lag1008,2,5059,EXP-043,3.0,10.0,120.0,0.8,8,30.0,,1.0,,4040.0,,10.0,,False
lag144,2,5059,EXP-037,3.0,0.0,0.0,1.0,8,340.0,,4.0,,3210.0,,14.0,,False
lag144,2,5059,EXP-037,3.0,0.0,0.0,0.9,8,140.0,,4.0,,3630.0,,11.0,,False
lag144,2,5059,EXP-037,3.0,0.0,0.0,0.8,8,60.0,,2.0,,3980.0,,10.0,,False
lag144,2,5059,EXP-037,3.0,0.0,30.0,1.0,8,270.0,,4.0,,3310.0,,10.0,,True
lag144,2,5059,EXP-037,3.0,0.0,30.0,0.9,8,130.0,,3.0,,3670.0,,8.0,,False
lag144,2,5059,EXP-037,3.0,0.0,30.0,0.8,8,60.0,,2.0,,4040.0,,10.0,,False
lag144,2,5059,EXP-037,3.0,0.0,60.0,1.0,8,230.0,,4.0,,3400.0,,10.0,,False
lag144,2,5059,EXP-037,3.0,0.0,60.0,0.9,8,130.0,,3.0,,3700.0,,8.0,,False
lag144,2,5059,EXP-037,3.0,0.0,60.0,0.8,8,60.0,,2.0,,4130.0,,10.0,,False
lag144,2,5059,EXP-037,3.0,0.0,120.0,1.0,8,210.0,,4.0,,3580.0,,10.0,,False
lag144,2,5059,EXP-037,3.0,0.0,120.0,0.9,8,130.0,,3.0,,3760.0,,8.0,,False
lag144,2,5059,EXP-037,3.0,0.0,120.0,0.8,8,60.0,,2.0,,4310.0,,10.0,,False
lag144,2,5059,EXP-037,3.0,10.0,0.0,1.0,8,340.0,,4.0,,3210.0,,14.0,,False
lag144,2,5059,EXP-037,3.0,10.0,0.0,0.9,8,140.0,,4.0,,3630.0,,11.0,,False
lag144,2,5059,EXP-037,3.0,10.0,0.0,0.8,8,60.0,,2.0,,3980.0,,10.0,,False
lag144,2,5059,EXP-037,3.0,10.0,30.0,1.0,8,270.0,,4.0,,3310.0,,10.0,,True
lag144,2,5059,EXP-037,3.0,10.0,30.0,0.9,8,130.0,,3.0,,3670.0,,8.0,,False
lag144,2,5059,EXP-037,3.0,10.0,30.0,0.8,8,60.0,,2.0,,4040.0,,10.0,,False
lag144,2,5059,EXP-037,3.0,10.0,60.0,1.0,8,230.0,,4.0,,3400.0,,10.0,,False
lag144,2,5059,EXP-037,3.0,10.0,60.0,0.9,8,130.0,,3.0,,3700.0,,8.0,,False
lag144,2,5059,EXP-037,3.0,10.0,60.0,0.8,8,60.0,,2.0,,4130.0,,10.0,,False
lag144,2,5059,EXP-037,3.0,10.0,120.0,1.0,8,210.0,,4.0,,3580.0,,10.0,,False
lag144,2,5059,EXP-037,3.0,10.0,120.0,0.9,8,130.0,,3.0,,3760.0,,8.0,,False
lag144,2,5059,EXP-037,3.0,10.0,120.0,0.8,8,60.0,,2.0,,4310.0,,10.0,,False
lstm,2,5059,EXP-055,3.0,0.0,0.0,1.0,8,100.0,10.0,5.0,0.0,3403.3333333333335,35.11884584284247,7.0,0.0,True
lstm,2,5059,EXP-055,3.0,0.0,0.0,0.9,8,10.0,0.0,1.0,0.0,3800.0,36.05551275463989,7.0,0.0,False
lstm,2,5059,EXP-055,3.0,0.0,0.0,0.8,8,0.0,0.0,0.0,0.0,4153.333333333333,30.550504633038933,7.0,0.0,False
lstm,2,5059,EXP-055,3.0,0.0,30.0,1.0,8,100.0,10.0,5.0,0.0,3403.3333333333335,35.11884584284247,7.0,0.0,False
lstm,2,5059,EXP-055,3.0,0.0,30.0,0.9,8,10.0,0.0,1.0,0.0,3800.0,36.05551275463989,7.0,0.0,False
lstm,2,5059,EXP-055,3.0,0.0,30.0,0.8,8,0.0,0.0,0.0,0.0,4153.333333333333,30.550504633038933,7.0,0.0,False
lstm,2,5059,EXP-055,3.0,0.0,60.0,1.0,8,100.0,10.0,5.0,0.0,3403.3333333333335,35.11884584284247,7.0,0.0,False
lstm,2,5059,EXP-055,3.0,0.0,60.0,0.9,8,10.0,0.0,1.0,0.0,3800.0,36.05551275463989,7.0,0.0,False
lstm,2,5059,EXP-055,3.0,0.0,60.0,0.8,8,0.0,0.0,0.0,0.0,4153.333333333333,30.550504633038933,7.0,0.0,False
lstm,2,5059,EXP-055,3.0,0.0,120.0,1.0,8,100.0,10.0,5.0,0.0,3403.3333333333335,35.11884584284247,7.0,0.0,False
lstm,2,5059,EXP-055,3.0,0.0,120.0,0.9,8,10.0,0.0,1.0,0.0,3800.0,36.05551275463989,7.0,0.0,False
lstm,2,5059,EXP-055,3.0,0.0,120.0,0.8,8,0.0,0.0,0.0,0.0,4153.333333333333,30.550504633038933,7.0,0.0,False
lstm,2,5059,EXP-055,3.0,10.0,0.0,1.0,8,100.0,10.0,5.0,0.0,3403.3333333333335,35.11884584284247,7.0,0.0,True
lstm,2,5059,EXP-055,3.0,10.0,0.0,0.9,8,10.0,0.0,1.0,0.0,3800.0,36.05551275463989,7.0,0.0,False
lstm,2,5059,EXP-055,3.0,10.0,0.0,0.8,8,0.0,0.0,0.0,0.0,4153.333333333333,30.550504633038933,7.0,0.0,False
lstm,2,5059,EXP-055,3.0,10.0,30.0,1.0,8,100.0,10.0,5.0,0.0,3403.3333333333335,35.11884584284247,7.0,0.0,False
lstm,2,5059,EXP-055,3.0,10.0,30.0,0.9,8,10.0,0.0,1.0,0.0,3800.0,36.05551275463989,7.0,0.0,False
lstm,2,5059,EXP-055,3.0,10.0,30.0,0.8,8,0.0,0.0,0.0,0.0,4153.333333333333,30.550504633038933,7.0,0.0,False
lstm,2,5059,EXP-055,3.0,10.0,60.0,1.0,8,100.0,10.0,5.0,0.0,3403.3333333333335,35.11884584284247,7.0,0.0,False
lstm,2,5059,EXP-055,3.0,10.0,60.0,0.9,8,10.0,0.0,1.0,0.0,3800.0,36.05551275463989,7.0,0.0,False
lstm,2,5059,EXP-055,3.0,10.0,60.0,0.8,8,0.0,0.0,0.0,0.0,4153.333333333333,30.550504633038933,7.0,0.0,False
lstm,2,5059,EXP-055,3.0,10.0,120.0,1.0,8,100.0,10.0,5.0,0.0,3403.3333333333335,35.11884584284247,7.0,0.0,False
lstm,2,5059,EXP-055,3.0,10.0,120.0,0.9,8,10.0,0.0,1.0,0.0,3800.0,36.05551275463989,7.0,0.0,False
lstm,2,5059,EXP-055,3.0,10.0,120.0,0.8,8,0.0,0.0,0.0,0.0,4153.333333333333,30.550504633038933,7.0,0.0,False
arima,2,5059,EXP-050,6.0,0.0,0.0,1.0,8,120.0,,6.0,,3530.0,,8.0,,False
arima,2,5059,EXP-050,6.0,0.0,0.0,0.9,8,20.0,,2.0,,3860.0,,7.0,,False
arima,2,5059,EXP-050,6.0,0.0,0.0,0.8,8,0.0,,0.0,,4100.0,,7.0,,False
arima,2,5059,EXP-050,6.0,0.0,30.0,1.0,8,110.0,,6.0,,3540.0,,7.0,,True
arima,2,5059,EXP-050,6.0,0.0,30.0,0.9,8,20.0,,2.0,,3860.0,,7.0,,False
arima,2,5059,EXP-050,6.0,0.0,30.0,0.8,8,0.0,,0.0,,4100.0,,7.0,,False
arima,2,5059,EXP-050,6.0,0.0,60.0,1.0,8,110.0,,6.0,,3540.0,,7.0,,False
arima,2,5059,EXP-050,6.0,0.0,60.0,0.9,8,20.0,,2.0,,3860.0,,7.0,,False
arima,2,5059,EXP-050,6.0,0.0,60.0,0.8,8,0.0,,0.0,,4100.0,,7.0,,False
arima,2,5059,EXP-050,6.0,0.0,120.0,1.0,8,110.0,,6.0,,3540.0,,7.0,,False
arima,2,5059,EXP-050,6.0,0.0,120.0,0.9,8,20.0,,2.0,,3860.0,,7.0,,False
arima,2,5059,EXP-050,6.0,0.0,120.0,0.8,8,0.0,,0.0,,4100.0,,7.0,,False
arima,2,5059,EXP-050,6.0,10.0,0.0,1.0,8,120.0,,6.0,,3530.0,,8.0,,False
arima,2,5059,EXP-050,6.0,10.0,0.0,0.9,8,20.0,,2.0,,3860.0,,7.0,,False
arima,2,5059,EXP-050,6.0,10.0,0.0,0.8,8,0.0,,0.0,,4100.0,,7.0,,False
arima,2,5059,EXP-050,6.0,10.0,30.0,1.0,8,110.0,,6.0,,3540.0,,7.0,,True
arima,2,5059,EXP-050,6.0,10.0,30.0,0.9,8,20.0,,2.0,,3860.0,,7.0,,False
arima,2,5059,EXP-050,6.0,10.0,30.0,0.8,8,0.0,,0.0,,4100.0,,7.0,,False
arima,2,5059,EXP-050,6.0,10.0,60.0,1.0,8,110.0,,6.0,,3540.0,,7.0,,False
arima,2,5059,EXP-050,6.0,10.0,60.0,0.9,8,20.0,,2.0,,3860.0,,7.0,,False
arima,2,5059,EXP-050,6.0,10.0,60.0,0.8,8,0.0,,0.0,,4100.0,,7.0,,False
arima,2,5059,EXP-050,6.0,10.0,120.0,1.0,8,110.0,,6.0,,3540.0,,7.0,,False
arima,2,5059,EXP-050,6.0,10.0,120.0,0.9,8,20.0,,2.0,,3860.0,,7.0,,False
arima,2,5059,EXP-050,6.0,10.0,120.0,0.8,8,0.0,,0.0,,4100.0,,7.0,,False
lag1,2,5059,EXP-032,6.0,0.0,0.0,1.0,8,420.0,,8.0,,3240.0,,13.0,,False
lag1,2,5059,EXP-032,6.0,0.0,0.0,0.9,8,210.0,,7.0,,3640.0,,11.0,,False
lag1,2,5059,EXP-032,6.0,0.0,0.0,0.8,8,60.0,,5.0,,4000.0,,10.0,,False
lag1,2,5059,EXP-032,6.0,0.0,30.0,1.0,8,380.0,,8.0,,3320.0,,10.0,,True
lag1,2,5059,EXP-032,6.0,0.0,30.0,0.9,8,170.0,,7.0,,3680.0,,8.0,,False
lag1,2,5059,EXP-032,6.0,0.0,30.0,0.8,8,60.0,,5.0,,4060.0,,10.0,,False
lag1,2,5059,EXP-032,6.0,0.0,60.0,1.0,8,380.0,,8.0,,3410.0,,10.0,,False
lag1,2,5059,EXP-032,6.0,0.0,60.0,0.9,8,170.0,,7.0,,3710.0,,8.0,,False
lag1,2,5059,EXP-032,6.0,0.0,60.0,0.8,8,60.0,,5.0,,4150.0,,10.0,,False
lag1,2,5059,EXP-032,6.0,0.0,120.0,1.0,8,380.0,,8.0,,3590.0,,10.0,,False
lag1,2,5059,EXP-032,6.0,0.0,120.0,0.9,8,170.0,,7.0,,3770.0,,8.0,,False
lag1,2,5059,EXP-032,6.0,0.0,120.0,0.8,8,60.0,,5.0,,4330.0,,10.0,,False
lag1,2,5059,EXP-032,6.0,10.0,0.0,1.0,8,420.0,,8.0,,3240.0,,13.0,,False
lag1,2,5059,EXP-032,6.0,10.0,0.0,0.9,8,210.0,,7.0,,3640.0,,11.0,,False
lag1,2,5059,EXP-032,6.0,10.0,0.0,0.8,8,60.0,,5.0,,4000.0,,10.0,,False
lag1,2,5059,EXP-032,6.0,10.0,30.0,1.0,8,380.0,,8.0,,3320.0,,10.0,,True
lag1,2,5059,EXP-032,6.0,10.0,30.0,0.9,8,170.0,,7.0,,3680.0,,8.0,,False
lag1,2,5059,EXP-032,6.0,10.0,30.0,0.8,8,60.0,,5.0,,4060.0,,10.0,,False
lag1,2,5059,EXP-032,6.0,10.0,60.0,1.0,8,380.0,,8.0,,3410.0,,10.0,,False
lag1,2,5059,EXP-032,6.0,10.0,60.0,0.9,8,170.0,,7.0,,3710.0,,8.0,,False
lag1,2,5059,EXP-032,6.0,10.0,60.0,0.8,8,60.0,,5.0,,4150.0,,10.0,,False
lag1,2,5059,EXP-032,6.0,10.0,120.0,1.0,8,380.0,,8.0,,3590.0,,10.0,,False
lag1,2,5059,EXP-032,6.0,10.0,120.0,0.9,8,170.0,,7.0,,3770.0,,8.0,,False
lag1,2,5059,EXP-032,6.0,10.0,120.0,0.8,8,60.0,,5.0,,4330.0,,10.0,,False
lag1008,2,5059,EXP-044,6.0,0.0,0.0,1.0,8,600.0,,7.0,,2680.0,,28.0,,False
lag1008,2,5059,EXP-044,6.0,0.0,0.0,0.9,8,180.0,,3.0,,3260.0,,15.0,,False
lag1008,2,5059,EXP-044,6.0,0.0,0.0,0.8,8,40.0,,2.0,,3680.0,,16.0,,False
lag1008,2,5059,EXP-044,6.0,0.0,30.0,1.0,8,480.0,,5.0,,2820.0,,19.0,,False
lag1008,2,5059,EXP-044,6.0,0.0,30.0,0.9,8,130.0,,3.0,,3340.0,,12.0,,False
lag1008,2,5059,EXP-044,6.0,0.0,30.0,0.8,8,30.0,,1.0,,3810.0,,14.0,,False
lag1008,2,5059,EXP-044,6.0,0.0,60.0,1.0,8,350.0,,5.0,,2980.0,,16.0,,True
lag1008,2,5059,EXP-044,6.0,0.0,60.0,0.9,8,110.0,,3.0,,3410.0,,10.0,,False
lag1008,2,5059,EXP-044,6.0,0.0,60.0,0.8,8,30.0,,1.0,,3920.0,,12.0,,False
lag1008,2,5059,EXP-044,6.0,0.0,120.0,1.0,8,290.0,,5.0,,3240.0,,13.0,,False
lag1008,2,5059,EXP-044,6.0,0.0,120.0,0.9,8,90.0,,3.0,,3550.0,,9.0,,False
lag1008,2,5059,EXP-044,6.0,0.0,120.0,0.8,8,30.0,,1.0,,4040.0,,10.0,,False
lag1008,2,5059,EXP-044,6.0,10.0,0.0,1.0,8,600.0,,7.0,,2680.0,,28.0,,False
lag1008,2,5059,EXP-044,6.0,10.0,0.0,0.9,8,180.0,,3.0,,3260.0,,15.0,,False
lag1008,2,5059,EXP-044,6.0,10.0,0.0,0.8,8,40.0,,2.0,,3680.0,,16.0,,False
lag1008,2,5059,EXP-044,6.0,10.0,30.0,1.0,8,480.0,,5.0,,2820.0,,19.0,,False
lag1008,2,5059,EXP-044,6.0,10.0,30.0,0.9,8,130.0,,3.0,,3340.0,,12.0,,False
lag1008,2,5059,EXP-044,6.0,10.0,30.0,0.8,8,30.0,,1.0,,3810.0,,14.0,,False
lag1008,2,5059,EXP-044,6.0,10.0,60.0,1.0,8,350.0,,5.0,,2980.0,,16.0,,True
lag1008,2,5059,EXP-044,6.0,10.0,60.0,0.9,8,110.0,,3.0,,3410.0,,10.0,,False
lag1008,2,5059,EXP-044,6.0,10.0,60.0,0.8,8,30.0,,1.0,,3920.0,,12.0,,False
lag1008,2,5059,EXP-044,6.0,10.0,120.0,1.0,8,290.0,,5.0,,3240.0,,13.0,,False
lag1008,2,5059,EXP-044,6.0,10.0,120.0,0.9,8,90.0,,3.0,,3550.0,,9.0,,False
lag1008,2,5059,EXP-044,6.0,10.0,120.0,0.8,8,30.0,,1.0,,4040.0,,10.0,,False
lag144,2,5059,EXP-038,6.0,0.0,0.0,1.0,8,340.0,,4.0,,3210.0,,14.0,,False
lag144,2,5059,EXP-038,6.0,0.0,0.0,0.9,8,140.0,,4.0,,3630.0,,11.0,,False
lag144,2,5059,EXP-038,6.0,0.0,0.0,0.8,8,60.0,,2.0,,3980.0,,10.0,,False
lag144,2,5059,EXP-038,6.0,0.0,30.0,1.0,8,270.0,,4.0,,3310.0,,10.0,,True
lag144,2,5059,EXP-038,6.0,0.0,30.0,0.9,8,130.0,,3.0,,3670.0,,8.0,,False
lag144,2,5059,EXP-038,6.0,0.0,30.0,0.8,8,60.0,,2.0,,4040.0,,10.0,,False
lag144,2,5059,EXP-038,6.0,0.0,60.0,1.0,8,230.0,,4.0,,3400.0,,10.0,,False
lag144,2,5059,EXP-038,6.0,0.0,60.0,0.9,8,130.0,,3.0,,3700.0,,8.0,,False
lag144,2,5059,EXP-038,6.0,0.0,60.0,0.8,8,60.0,,2.0,,4130.0,,10.0,,False
lag144,2,5059,EXP-038,6.0,0.0,120.0,1.0,8,210.0,,4.0,,3580.0,,10.0,,False
lag144,2,5059,EXP-038,6.0,0.0,120.0,0.9,8,130.0,,3.0,,3760.0,,8.0,,False
lag144,2,5059,EXP-038,6.0,0.0,120.0,0.8,8,60.0,,2.0,,4310.0,,10.0,,False
lag144,2,5059,EXP-038,6.0,10.0,0.0,1.0,8,340.0,,4.0,,3210.0,,14.0,,False
lag144,2,5059,EXP-038,6.0,10.0,0.0,0.9,8,140.0,,4.0,,3630.0,,11.0,,False
lag144,2,5059,EXP-038,6.0,10.0,0.0,0.8,8,60.0,,2.0,,3980.0,,10.0,,False
lag144,2,5059,EXP-038,6.0,10.0,30.0,1.0,8,270.0,,4.0,,3310.0,,10.0,,True
lag144,2,5059,EXP-038,6.0,10.0,30.0,0.9,8,130.0,,3.0,,3670.0,,8.0,,False
lag144,2,5059,EXP-038,6.0,10.0,30.0,0.8,8,60.0,,2.0,,4040.0,,10.0,,False
lag144,2,5059,EXP-038,6.0,10.0,60.0,1.0,8,230.0,,4.0,,3400.0,,10.0,,False
lag144,2,5059,EXP-038,6.0,10.0,60.0,0.9,8,130.0,,3.0,,3700.0,,8.0,,False
lag144,2,5059,EXP-038,6.0,10.0,60.0,0.8,8,60.0,,2.0,,4130.0,,10.0,,False
lag144,2,5059,EXP-038,6.0,10.0,120.0,1.0,8,210.0,,4.0,,3580.0,,10.0,,False
lag144,2,5059,EXP-038,6.0,10.0,120.0,0.9,8,130.0,,3.0,,3760.0,,8.0,,False
lag144,2,5059,EXP-038,6.0,10.0,120.0,0.8,8,60.0,,2.0,,4310.0,,10.0,,False
lstm,2,5059,EXP-056,6.0,0.0,0.0,1.0,8,103.33333333333333,60.277137733417085,4.333333333333333,1.1547005383792517,3443.3333333333335,110.60440015358039,7.333333333333333,0.5773502691896258,True
lstm,2,5059,EXP-056,6.0,0.0,0.0,0.9,8,0.0,0.0,0.0,0.0,3900.0,10.0,7.0,0.0,False
lstm,2,5059,EXP-056,6.0,0.0,0.0,0.8,8,0.0,0.0,0.0,0.0,4173.333333333333,30.550504633038933,7.0,0.0,False
lstm,2,5059,EXP-056,6.0,0.0,30.0,1.0,8,103.33333333333333,60.277137733417085,4.333333333333333,1.1547005383792517,3443.3333333333335,110.60440015358039,7.333333333333333,0.5773502691896258,False
lstm,2,5059,EXP-056,6.0,0.0,30.0,0.9,8,0.0,0.0,0.0,0.0,3900.0,10.0,7.0,0.0,False
lstm,2,5059,EXP-056,6.0,0.0,30.0,0.8,8,0.0,0.0,0.0,0.0,4173.333333333333,30.550504633038933,7.0,0.0,False
lstm,2,5059,EXP-056,6.0,0.0,60.0,1.0,8,103.33333333333333,60.277137733417085,4.333333333333333,1.1547005383792517,3450.0,101.4889156509222,7.333333333333333,0.5773502691896258,False
lstm,2,5059,EXP-056,6.0,0.0,60.0,0.9,8,0.0,0.0,0.0,0.0,3900.0,10.0,7.0,0.0,False
lstm,2,5059,EXP-056,6.0,0.0,60.0,0.8,8,0.0,0.0,0.0,0.0,4173.333333333333,30.550504633038933,7.0,0.0,False
lstm,2,5059,EXP-056,6.0,0.0,120.0,1.0,8,103.33333333333333,60.277137733417085,4.333333333333333,1.1547005383792517,3470.0,78.10249675906654,7.333333333333333,0.5773502691896258,False
lstm,2,5059,EXP-056,6.0,0.0,120.0,0.9,8,0.0,0.0,0.0,0.0,3900.0,10.0,7.0,0.0,False
lstm,2,5059,EXP-056,6.0,0.0,120.0,0.8,8,0.0,0.0,0.0,0.0,4173.333333333333,30.550504633038933,7.0,0.0,False
lstm,2,5059,EXP-056,6.0,10.0,0.0,1.0,8,103.33333333333333,60.277137733417085,4.333333333333333,1.1547005383792517,3443.3333333333335,110.60440015358039,7.333333333333333,0.5773502691896258,True
lstm,2,5059,EXP-056,6.0,10.0,0.0,0.9,8,0.0,0.0,0.0,0.0,3900.0,10.0,7.0,0.0,False
lstm,2,5059,EXP-056,6.0,10.0,0.0,0.8,8,0.0,0.0,0.0,0.0,4173.333333333333,30.550504633038933,7.0,0.0,False
lstm,2,5059,EXP-056,6.0,10.0,30.0,1.0,8,103.33333333333333,60.277137733417085,4.333333333333333,1.1547005383792517,3443.3333333333335,110.60440015358039,7.333333333333333,0.5773502691896258,False
lstm,2,5059,EXP-056,6.0,10.0,30.0,0.9,8,0.0,0.0,0.0,0.0,3900.0,10.0,7.0,0.0,False
lstm,2,5059,EXP-056,6.0,10.0,30.0,0.8,8,0.0,0.0,0.0,0.0,4173.333333333333,30.550504633038933,7.0,0.0,False
lstm,2,5059,EXP-056,6.0,10.0,60.0,1.0,8,103.33333333333333,60.277137733417085,4.333333333333333,1.1547005383792517,3450.0,101.4889156509222,7.333333333333333,0.5773502691896258,False
lstm,2,5059,EXP-056,6.0,10.0,60.0,0.9,8,0.0,0.0,0.0,0.0,3900.0,10.0,7.0,0.0,False
lstm,2,5059,EXP-056,6.0,10.0,60.0,0.8,8,0.0,0.0,0.0,0.0,4173.333333333333,30.550504633038933,7.0,0.0,False
lstm,2,5059,EXP-056,6.0,10.0,120.0,1.0,8,103.33333333333333,60.277137733417085,4.333333333333333,1.1547005383792517,3470.0,78.10249675906654,7.333333333333333,0.5773502691896258,False
lstm,2,5059,EXP-056,6.0,10.0,120.0,0.9,8,0.0,0.0,0.0,0.0,3900.0,10.0,7.0,0.0,False
lstm,2,5059,EXP-056,6.0,10.0,120.0,0.8,8,0.0,0.0,0.0,0.0,4173.333333333333,30.550504633038933,7.0,0.0,False
always_on,2,5059,,,,,,8,0.0,,0.0,,10080.0,,1.0,,False
oracle,2,5059,,,,,,8,0.0,,0.0,,3240.0,,13.0,,False
arima,3,5259,EXP-023,1.0,0.0,0.0,1.0,5,10.0,,1.0,,2630.0,,5.0,,False
arima,3,5259,EXP-023,1.0,0.0,0.0,0.9,5,0.0,,0.0,,2800.0,,5.0,,False
arima,3,5259,EXP-023,1.0,0.0,0.0,0.8,5,0.0,,0.0,,2950.0,,6.0,,False
arima,3,5259,EXP-023,1.0,0.0,30.0,1.0,5,10.0,,1.0,,2630.0,,5.0,,True
arima,3,5259,EXP-023,1.0,0.0,30.0,0.9,5,0.0,,0.0,,2800.0,,5.0,,False
arima,3,5259,EXP-023,1.0,0.0,30.0,0.8,5,0.0,,0.0,,2970.0,,6.0,,False
arima,3,5259,EXP-023,1.0,0.0,60.0,1.0,5,10.0,,1.0,,2630.0,,5.0,,False
arima,3,5259,EXP-023,1.0,0.0,60.0,0.9,5,0.0,,0.0,,2800.0,,5.0,,False
arima,3,5259,EXP-023,1.0,0.0,60.0,0.8,5,0.0,,0.0,,3000.0,,6.0,,False
arima,3,5259,EXP-023,1.0,0.0,120.0,1.0,5,10.0,,1.0,,2630.0,,5.0,,False
arima,3,5259,EXP-023,1.0,0.0,120.0,0.9,5,0.0,,0.0,,2800.0,,5.0,,False
arima,3,5259,EXP-023,1.0,0.0,120.0,0.8,5,0.0,,0.0,,3060.0,,6.0,,False
arima,3,5259,EXP-023,1.0,10.0,0.0,1.0,5,60.0,,5.0,,2630.0,,5.0,,False
arima,3,5259,EXP-023,1.0,10.0,0.0,0.9,5,0.0,,0.0,,2800.0,,5.0,,False
arima,3,5259,EXP-023,1.0,10.0,0.0,0.8,5,0.0,,0.0,,2950.0,,6.0,,False
arima,3,5259,EXP-023,1.0,10.0,30.0,1.0,5,60.0,,5.0,,2630.0,,5.0,,True
arima,3,5259,EXP-023,1.0,10.0,30.0,0.9,5,0.0,,0.0,,2800.0,,5.0,,False
arima,3,5259,EXP-023,1.0,10.0,30.0,0.8,5,0.0,,0.0,,2970.0,,6.0,,False
arima,3,5259,EXP-023,1.0,10.0,60.0,1.0,5,60.0,,5.0,,2630.0,,5.0,,False
arima,3,5259,EXP-023,1.0,10.0,60.0,0.9,5,0.0,,0.0,,2800.0,,5.0,,False
arima,3,5259,EXP-023,1.0,10.0,60.0,0.8,5,0.0,,0.0,,3000.0,,6.0,,False
arima,3,5259,EXP-023,1.0,10.0,120.0,1.0,5,60.0,,5.0,,2630.0,,5.0,,False
arima,3,5259,EXP-023,1.0,10.0,120.0,0.9,5,0.0,,0.0,,2800.0,,5.0,,False
arima,3,5259,EXP-023,1.0,10.0,120.0,0.8,5,0.0,,0.0,,3060.0,,6.0,,False
lag1,3,5259,EXP-021,1.0,0.0,0.0,1.0,5,50.0,,5.0,,2590.0,,5.0,,False
lag1,3,5259,EXP-021,1.0,0.0,0.0,0.9,5,10.0,,1.0,,2810.0,,6.0,,False
lag1,3,5259,EXP-021,1.0,0.0,0.0,0.8,5,0.0,,0.0,,2970.0,,7.0,,False
lag1,3,5259,EXP-021,1.0,0.0,30.0,1.0,5,50.0,,5.0,,2590.0,,5.0,,True
lag1,3,5259,EXP-021,1.0,0.0,30.0,0.9,5,0.0,,0.0,,2820.0,,5.0,,False
lag1,3,5259,EXP-021,1.0,0.0,30.0,0.8,5,0.0,,0.0,,3010.0,,7.0,,False
lag1,3,5259,EXP-021,1.0,0.0,60.0,1.0,5,50.0,,5.0,,2590.0,,5.0,,False
lag1,3,5259,EXP-021,1.0,0.0,60.0,0.9,5,0.0,,0.0,,2820.0,,5.0,,False
lag1,3,5259,EXP-021,1.0,0.0,60.0,0.8,5,0.0,,0.0,,3070.0,,7.0,,False
lag1,3,5259,EXP-021,1.0,0.0,120.0,1.0,5,50.0,,5.0,,2590.0,,5.0,,False
lag1,3,5259,EXP-021,1.0,0.0,120.0,0.9,5,0.0,,0.0,,2820.0,,5.0,,False
lag1,3,5259,EXP-021,1.0,0.0,120.0,0.8,5,0.0,,0.0,,3190.0,,7.0,,False
lag1,3,5259,EXP-021,1.0,10.0,0.0,1.0,5,100.0,,5.0,,2590.0,,5.0,,False
lag1,3,5259,EXP-021,1.0,10.0,0.0,0.9,5,10.0,,0.0,,2810.0,,6.0,,False
lag1,3,5259,EXP-021,1.0,10.0,0.0,0.8,5,0.0,,0.0,,2970.0,,7.0,,False
lag1,3,5259,EXP-021,1.0,10.0,30.0,1.0,5,100.0,,5.0,,2590.0,,5.0,,True
lag1,3,5259,EXP-021,1.0,10.0,30.0,0.9,5,0.0,,0.0,,2820.0,,5.0,,False
lag1,3,5259,EXP-021,1.0,10.0,30.0,0.8,5,0.0,,0.0,,3010.0,,7.0,,False
lag1,3,5259,EXP-021,1.0,10.0,60.0,1.0,5,100.0,,5.0,,2590.0,,5.0,,False
lag1,3,5259,EXP-021,1.0,10.0,60.0,0.9,5,0.0,,0.0,,2820.0,,5.0,,False
lag1,3,5259,EXP-021,1.0,10.0,60.0,0.8,5,0.0,,0.0,,3070.0,,7.0,,False
lag1,3,5259,EXP-021,1.0,10.0,120.0,1.0,5,100.0,,5.0,,2590.0,,5.0,,False
lag1,3,5259,EXP-021,1.0,10.0,120.0,0.9,5,0.0,,0.0,,2820.0,,5.0,,False
lag1,3,5259,EXP-021,1.0,10.0,120.0,0.8,5,0.0,,0.0,,3190.0,,7.0,,False
lag1008,3,5259,EXP-028,1.0,0.0,0.0,1.0,5,500.0,,4.0,,2110.0,,10.0,,False
lag1008,3,5259,EXP-028,1.0,0.0,0.0,0.9,5,190.0,,3.0,,2450.0,,10.0,,False
lag1008,3,5259,EXP-028,1.0,0.0,0.0,0.8,5,100.0,,0.0,,2810.0,,9.0,,False
lag1008,3,5259,EXP-028,1.0,0.0,30.0,1.0,5,480.0,,4.0,,2130.0,,8.0,,False
lag1008,3,5259,EXP-028,1.0,0.0,30.0,0.9,5,150.0,,3.0,,2510.0,,9.0,,False
lag1008,3,5259,EXP-028,1.0,0.0,30.0,0.8,5,90.0,,0.0,,2840.0,,9.0,,False
lag1008,3,5259,EXP-028,1.0,0.0,60.0,1.0,5,430.0,,4.0,,2180.0,,6.0,,True
lag1008,3,5259,EXP-028,1.0,0.0,60.0,0.9,5,140.0,,3.0,,2520.0,,7.0,,False
lag1008,3,5259,EXP-028,1.0,0.0,60.0,0.8,5,80.0,,0.0,,2910.0,,8.0,,False
lag1008,3,5259,EXP-028,1.0,0.0,120.0,1.0,5,370.0,,4.0,,2240.0,,6.0,,False
lag1008,3,5259,EXP-028,1.0,0.0,120.0,0.9,5,140.0,,3.0,,2580.0,,7.0,,False
lag1008,3,5259,EXP-028,1.0,0.0,120.0,0.8,5,80.0,,0.0,,3030.0,,8.0,,False
lag1008,3,5259,EXP-028,1.0,10.0,0.0,1.0,5,530.0,,5.0,,2110.0,,10.0,,False
lag1008,3,5259,EXP-028,1.0,10.0,0.0,0.9,5,230.0,,5.0,,2450.0,,10.0,,False
lag1008,3,5259,EXP-028,1.0,10.0,0.0,0.8,5,90.0,,0.0,,2810.0,,9.0,,False
lag1008,3,5259,EXP-028,1.0,10.0,30.0,1.0,5,510.0,,5.0,,2130.0,,8.0,,False
lag1008,3,5259,EXP-028,1.0,10.0,30.0,0.9,5,200.0,,5.0,,2510.0,,9.0,,False
lag1008,3,5259,EXP-028,1.0,10.0,30.0,0.8,5,80.0,,0.0,,2840.0,,9.0,,False
lag1008,3,5259,EXP-028,1.0,10.0,60.0,1.0,5,460.0,,5.0,,2180.0,,6.0,,True
lag1008,3,5259,EXP-028,1.0,10.0,60.0,0.9,5,190.0,,5.0,,2520.0,,7.0,,False
lag1008,3,5259,EXP-028,1.0,10.0,60.0,0.8,5,70.0,,0.0,,2910.0,,8.0,,False
lag1008,3,5259,EXP-028,1.0,10.0,120.0,1.0,5,400.0,,5.0,,2240.0,,6.0,,False
lag1008,3,5259,EXP-028,1.0,10.0,120.0,0.9,5,190.0,,5.0,,2580.0,,7.0,,False
lag1008,3,5259,EXP-028,1.0,10.0,120.0,0.8,5,70.0,,0.0,,3030.0,,8.0,,False
lag144,3,5259,EXP-019,1.0,0.0,0.0,1.0,5,540.0,,2.0,,2590.0,,5.0,,False
lag144,3,5259,EXP-019,1.0,0.0,0.0,0.9,5,530.0,,1.0,,2810.0,,6.0,,False
lag144,3,5259,EXP-019,1.0,0.0,0.0,0.8,5,530.0,,1.0,,2980.0,,8.0,,False
lag144,3,5259,EXP-019,1.0,0.0,30.0,1.0,5,540.0,,2.0,,2590.0,,5.0,,True
lag144,3,5259,EXP-019,1.0,0.0,30.0,0.9,5,530.0,,1.0,,2820.0,,5.0,,False
lag144,3,5259,EXP-019,1.0,0.0,30.0,0.8,5,530.0,,1.0,,3040.0,,8.0,,False
lag144,3,5259,EXP-019,1.0,0.0,60.0,1.0,5,540.0,,2.0,,2590.0,,5.0,,False
lag144,3,5259,EXP-019,1.0,0.0,60.0,0.9,5,530.0,,1.0,,2820.0,,5.0,,False
lag144,3,5259,EXP-019,1.0,0.0,60.0,0.8,5,530.0,,1.0,,3130.0,,8.0,,False
lag144,3,5259,EXP-019,1.0,0.0,120.0,1.0,5,540.0,,2.0,,2590.0,,5.0,,False
lag144,3,5259,EXP-019,1.0,0.0,120.0,0.9,5,530.0,,1.0,,2820.0,,5.0,,False
lag144,3,5259,EXP-019,1.0,0.0,120.0,0.8,5,530.0,,1.0,,3310.0,,8.0,,False
lag144,3,5259,EXP-019,1.0,10.0,0.0,1.0,5,580.0,,5.0,,2590.0,,5.0,,False
lag144,3,5259,EXP-019,1.0,10.0,0.0,0.9,5,540.0,,2.0,,2810.0,,6.0,,False
lag144,3,5259,EXP-019,1.0,10.0,0.0,0.8,5,530.0,,1.0,,2980.0,,8.0,,False
lag144,3,5259,EXP-019,1.0,10.0,30.0,1.0,5,580.0,,5.0,,2590.0,,5.0,,True
lag144,3,5259,EXP-019,1.0,10.0,30.0,0.9,5,530.0,,1.0,,2820.0,,5.0,,False
lag144,3,5259,EXP-019,1.0,10.0,30.0,0.8,5,530.0,,1.0,,3040.0,,8.0,,False
lag144,3,5259,EXP-019,1.0,10.0,60.0,1.0,5,580.0,,5.0,,2590.0,,5.0,,False
lag144,3,5259,EXP-019,1.0,10.0,60.0,0.9,5,530.0,,1.0,,2820.0,,5.0,,False
lag144,3,5259,EXP-019,1.0,10.0,60.0,0.8,5,530.0,,1.0,,3130.0,,8.0,,False
lag144,3,5259,EXP-019,1.0,10.0,120.0,1.0,5,580.0,,5.0,,2590.0,,5.0,,False
lag144,3,5259,EXP-019,1.0,10.0,120.0,0.9,5,530.0,,1.0,,2820.0,,5.0,,False
lag144,3,5259,EXP-019,1.0,10.0,120.0,0.8,5,530.0,,1.0,,3310.0,,8.0,,False
lstm,3,5259,EXP-025,1.0,0.0,0.0,1.0,5,10.0,0.0,1.0,0.0,2643.3333333333335,15.275252316519467,5.0,0.0,False
lstm,3,5259,EXP-025,1.0,0.0,0.0,0.9,5,0.0,0.0,0.0,0.0,2820.0,10.0,5.0,0.0,False
lstm,3,5259,EXP-025,1.0,0.0,0.0,0.8,5,0.0,0.0,0.0,0.0,2983.3333333333335,25.166114784235834,5.0,0.0,False
lstm,3,5259,EXP-025,1.0,0.0,30.0,1.0,5,10.0,0.0,1.0,0.0,2643.3333333333335,15.275252316519467,5.0,0.0,False
lstm,3,5259,EXP-025,1.0,0.0,30.0,0.9,5,0.0,0.0,0.0,0.0,2820.0,10.0,5.0,0.0,False
lstm,3,5259,EXP-025,1.0,0.0,30.0,0.8,5,0.0,0.0,0.0,0.0,2983.3333333333335,25.166114784235834,5.0,0.0,False
lstm,3,5259,EXP-025,1.0,0.0,60.0,1.0,5,10.0,0.0,1.0,0.0,2643.3333333333335,15.275252316519467,5.0,0.0,False
lstm,3,5259,EXP-025,1.0,0.0,60.0,0.9,5,0.0,0.0,0.0,0.0,2820.0,10.0,5.0,0.0,False
lstm,3,5259,EXP-025,1.0,0.0,60.0,0.8,5,0.0,0.0,0.0,0.0,2983.3333333333335,25.166114784235834,5.0,0.0,False
lstm,3,5259,EXP-025,1.0,0.0,120.0,1.0,5,10.0,0.0,1.0,0.0,2643.3333333333335,15.275252316519467,5.0,0.0,True
lstm,3,5259,EXP-025,1.0,0.0,120.0,0.9,5,0.0,0.0,0.0,0.0,2820.0,10.0,5.0,0.0,False
lstm,3,5259,EXP-025,1.0,0.0,120.0,0.8,5,0.0,0.0,0.0,0.0,2983.3333333333335,25.166114784235834,5.0,0.0,False
lstm,3,5259,EXP-025,1.0,10.0,0.0,1.0,5,56.666666666666664,5.773502691896258,4.666666666666667,0.5773502691896258,2643.3333333333335,15.275252316519467,5.0,0.0,False
lstm,3,5259,EXP-025,1.0,10.0,0.0,0.9,5,0.0,0.0,0.0,0.0,2820.0,10.0,5.0,0.0,False
lstm,3,5259,EXP-025,1.0,10.0,0.0,0.8,5,0.0,0.0,0.0,0.0,2983.3333333333335,25.166114784235834,5.0,0.0,False
lstm,3,5259,EXP-025,1.0,10.0,30.0,1.0,5,56.666666666666664,5.773502691896258,4.666666666666667,0.5773502691896258,2643.3333333333335,15.275252316519467,5.0,0.0,False
lstm,3,5259,EXP-025,1.0,10.0,30.0,0.9,5,0.0,0.0,0.0,0.0,2820.0,10.0,5.0,0.0,False
lstm,3,5259,EXP-025,1.0,10.0,30.0,0.8,5,0.0,0.0,0.0,0.0,2983.3333333333335,25.166114784235834,5.0,0.0,False
lstm,3,5259,EXP-025,1.0,10.0,60.0,1.0,5,56.666666666666664,5.773502691896258,4.666666666666667,0.5773502691896258,2643.3333333333335,15.275252316519467,5.0,0.0,False
lstm,3,5259,EXP-025,1.0,10.0,60.0,0.9,5,0.0,0.0,0.0,0.0,2820.0,10.0,5.0,0.0,False
lstm,3,5259,EXP-025,1.0,10.0,60.0,0.8,5,0.0,0.0,0.0,0.0,2983.3333333333335,25.166114784235834,5.0,0.0,False
lstm,3,5259,EXP-025,1.0,10.0,120.0,1.0,5,56.666666666666664,5.773502691896258,4.666666666666667,0.5773502691896258,2643.3333333333335,15.275252316519467,5.0,0.0,True
lstm,3,5259,EXP-025,1.0,10.0,120.0,0.9,5,0.0,0.0,0.0,0.0,2820.0,10.0,5.0,0.0,False
lstm,3,5259,EXP-025,1.0,10.0,120.0,0.8,5,0.0,0.0,0.0,0.0,2983.3333333333335,25.166114784235834,5.0,0.0,False
arima,3,5259,EXP-051,3.0,0.0,0.0,1.0,5,50.0,,5.0,,2670.0,,6.0,,True
arima,3,5259,EXP-051,3.0,0.0,0.0,0.9,5,0.0,,0.0,,2800.0,,5.0,,False
arima,3,5259,EXP-051,3.0,0.0,0.0,0.8,5,0.0,,0.0,,2950.0,,5.0,,False
arima,3,5259,EXP-051,3.0,0.0,30.0,1.0,5,50.0,,5.0,,2690.0,,6.0,,False
arima,3,5259,EXP-051,3.0,0.0,30.0,0.9,5,0.0,,0.0,,2800.0,,5.0,,False
arima,3,5259,EXP-051,3.0,0.0,30.0,0.8,5,0.0,,0.0,,2950.0,,5.0,,False
arima,3,5259,EXP-051,3.0,0.0,60.0,1.0,5,50.0,,5.0,,2720.0,,6.0,,False
arima,3,5259,EXP-051,3.0,0.0,60.0,0.9,5,0.0,,0.0,,2800.0,,5.0,,False
arima,3,5259,EXP-051,3.0,0.0,60.0,0.8,5,0.0,,0.0,,2950.0,,5.0,,False
arima,3,5259,EXP-051,3.0,0.0,120.0,1.0,5,50.0,,5.0,,2780.0,,6.0,,False
arima,3,5259,EXP-051,3.0,0.0,120.0,0.9,5,0.0,,0.0,,2800.0,,5.0,,False
arima,3,5259,EXP-051,3.0,0.0,120.0,0.8,5,0.0,,0.0,,2950.0,,5.0,,False
arima,3,5259,EXP-051,3.0,10.0,0.0,1.0,5,50.0,,5.0,,2670.0,,6.0,,True
arima,3,5259,EXP-051,3.0,10.0,0.0,0.9,5,0.0,,0.0,,2800.0,,5.0,,False
arima,3,5259,EXP-051,3.0,10.0,0.0,0.8,5,0.0,,0.0,,2950.0,,5.0,,False
arima,3,5259,EXP-051,3.0,10.0,30.0,1.0,5,50.0,,5.0,,2690.0,,6.0,,False
arima,3,5259,EXP-051,3.0,10.0,30.0,0.9,5,0.0,,0.0,,2800.0,,5.0,,False
arima,3,5259,EXP-051,3.0,10.0,30.0,0.8,5,0.0,,0.0,,2950.0,,5.0,,False
arima,3,5259,EXP-051,3.0,10.0,60.0,1.0,5,50.0,,5.0,,2720.0,,6.0,,False
arima,3,5259,EXP-051,3.0,10.0,60.0,0.9,5,0.0,,0.0,,2800.0,,5.0,,False
arima,3,5259,EXP-051,3.0,10.0,60.0,0.8,5,0.0,,0.0,,2950.0,,5.0,,False
arima,3,5259,EXP-051,3.0,10.0,120.0,1.0,5,50.0,,5.0,,2780.0,,6.0,,False
arima,3,5259,EXP-051,3.0,10.0,120.0,0.9,5,0.0,,0.0,,2800.0,,5.0,,False
arima,3,5259,EXP-051,3.0,10.0,120.0,0.8,5,0.0,,0.0,,2950.0,,5.0,,False
lag1,3,5259,EXP-033,3.0,0.0,0.0,1.0,5,150.0,,5.0,,2590.0,,5.0,,False
lag1,3,5259,EXP-033,3.0,0.0,0.0,0.9,5,60.0,,5.0,,2810.0,,6.0,,False
lag1,3,5259,EXP-033,3.0,0.0,0.0,0.8,5,10.0,,1.0,,2970.0,,7.0,,False
lag1,3,5259,EXP-033,3.0,0.0,30.0,1.0,5,150.0,,5.0,,2590.0,,5.0,,True
lag1,3,5259,EXP-033,3.0,0.0,30.0,0.9,5,50.0,,5.0,,2820.0,,5.0,,False
lag1,3,5259,EXP-033,3.0,0.0,30.0,0.8,5,10.0,,1.0,,3010.0,,7.0,,False
lag1,3,5259,EXP-033,3.0,0.0,60.0,1.0,5,150.0,,5.0,,2590.0,,5.0,,False
lag1,3,5259,EXP-033,3.0,0.0,60.0,0.9,5,50.0,,5.0,,2820.0,,5.0,,False
lag1,3,5259,EXP-033,3.0,0.0,60.0,0.8,5,10.0,,1.0,,3070.0,,7.0,,False
lag1,3,5259,EXP-033,3.0,0.0,120.0,1.0,5,150.0,,5.0,,2590.0,,5.0,,False
lag1,3,5259,EXP-033,3.0,0.0,120.0,0.9,5,50.0,,5.0,,2820.0,,5.0,,False
lag1,3,5259,EXP-033,3.0,0.0,120.0,0.8,5,10.0,,1.0,,3190.0,,7.0,,False
lag1,3,5259,EXP-033,3.0,10.0,0.0,1.0,5,150.0,,5.0,,2590.0,,5.0,,False
lag1,3,5259,EXP-033,3.0,10.0,0.0,0.9,5,60.0,,5.0,,2810.0,,6.0,,False
lag1,3,5259,EXP-033,3.0,10.0,0.0,0.8,5,10.0,,1.0,,2970.0,,7.0,,False
lag1,3,5259,EXP-033,3.0,10.0,30.0,1.0,5,150.0,,5.0,,2590.0,,5.0,,True
lag1,3,5259,EXP-033,3.0,10.0,30.0,0.9,5,50.0,,5.0,,2820.0,,5.0,,False
lag1,3,5259,EXP-033,3.0,10.0,30.0,0.8,5,10.0,,1.0,,3010.0,,7.0,,False
lag1,3,5259,EXP-033,3.0,10.0,60.0,1.0,5,150.0,,5.0,,2590.0,,5.0,,False
lag1,3,5259,EXP-033,3.0,10.0,60.0,0.9,5,50.0,,5.0,,2820.0,,5.0,,False
lag1,3,5259,EXP-033,3.0,10.0,60.0,0.8,5,10.0,,1.0,,3070.0,,7.0,,False
lag1,3,5259,EXP-033,3.0,10.0,120.0,1.0,5,150.0,,5.0,,2590.0,,5.0,,False
lag1,3,5259,EXP-033,3.0,10.0,120.0,0.9,5,50.0,,5.0,,2820.0,,5.0,,False
lag1,3,5259,EXP-033,3.0,10.0,120.0,0.8,5,10.0,,1.0,,3190.0,,7.0,,False
lag1008,3,5259,EXP-045,3.0,0.0,0.0,1.0,5,500.0,,4.0,,2110.0,,10.0,,False
lag1008,3,5259,EXP-045,3.0,0.0,0.0,0.9,5,190.0,,3.0,,2450.0,,10.0,,False
lag1008,3,5259,EXP-045,3.0,0.0,0.0,0.8,5,100.0,,0.0,,2810.0,,9.0,,False
lag1008,3,5259,EXP-045,3.0,0.0,30.0,1.0,5,480.0,,4.0,,2130.0,,8.0,,False
lag1008,3,5259,EXP-045,3.0,0.0,30.0,0.9,5,150.0,,3.0,,2510.0,,9.0,,False
lag1008,3,5259,EXP-045,3.0,0.0,30.0,0.8,5,90.0,,0.0,,2840.0,,9.0,,False
lag1008,3,5259,EXP-045,3.0,0.0,60.0,1.0,5,430.0,,4.0,,2180.0,,6.0,,True
lag1008,3,5259,EXP-045,3.0,0.0,60.0,0.9,5,140.0,,3.0,,2520.0,,7.0,,False
lag1008,3,5259,EXP-045,3.0,0.0,60.0,0.8,5,80.0,,0.0,,2910.0,,8.0,,False
lag1008,3,5259,EXP-045,3.0,0.0,120.0,1.0,5,370.0,,4.0,,2240.0,,6.0,,False
lag1008,3,5259,EXP-045,3.0,0.0,120.0,0.9,5,140.0,,3.0,,2580.0,,7.0,,False
lag1008,3,5259,EXP-045,3.0,0.0,120.0,0.8,5,80.0,,0.0,,3030.0,,8.0,,False
lag1008,3,5259,EXP-045,3.0,10.0,0.0,1.0,5,500.0,,4.0,,2110.0,,10.0,,False
lag1008,3,5259,EXP-045,3.0,10.0,0.0,0.9,5,190.0,,3.0,,2450.0,,10.0,,False
lag1008,3,5259,EXP-045,3.0,10.0,0.0,0.8,5,100.0,,0.0,,2810.0,,9.0,,False
lag1008,3,5259,EXP-045,3.0,10.0,30.0,1.0,5,480.0,,4.0,,2130.0,,8.0,,False
lag1008,3,5259,EXP-045,3.0,10.0,30.0,0.9,5,150.0,,3.0,,2510.0,,9.0,,False
lag1008,3,5259,EXP-045,3.0,10.0,30.0,0.8,5,90.0,,0.0,,2840.0,,9.0,,False
lag1008,3,5259,EXP-045,3.0,10.0,60.0,1.0,5,430.0,,4.0,,2180.0,,6.0,,True
lag1008,3,5259,EXP-045,3.0,10.0,60.0,0.9,5,140.0,,3.0,,2520.0,,7.0,,False
lag1008,3,5259,EXP-045,3.0,10.0,60.0,0.8,5,80.0,,0.0,,2910.0,,8.0,,False
lag1008,3,5259,EXP-045,3.0,10.0,120.0,1.0,5,370.0,,4.0,,2240.0,,6.0,,False
lag1008,3,5259,EXP-045,3.0,10.0,120.0,0.9,5,140.0,,3.0,,2580.0,,7.0,,False
lag1008,3,5259,EXP-045,3.0,10.0,120.0,0.8,5,80.0,,0.0,,3030.0,,8.0,,False
lag144,3,5259,EXP-039,3.0,0.0,0.0,1.0,5,540.0,,2.0,,2590.0,,5.0,,False
lag144,3,5259,EXP-039,3.0,0.0,0.0,0.9,5,530.0,,1.0,,2810.0,,6.0,,False
lag144,3,5259,EXP-039,3.0,0.0,0.0,0.8,5,530.0,,1.0,,2980.0,,8.0,,False
lag144,3,5259,EXP-039,3.0,0.0,30.0,1.0,5,540.0,,2.0,,2590.0,,5.0,,True
lag144,3,5259,EXP-039,3.0,0.0,30.0,0.9,5,530.0,,1.0,,2820.0,,5.0,,False
lag144,3,5259,EXP-039,3.0,0.0,30.0,0.8,5,530.0,,1.0,,3040.0,,8.0,,False
lag144,3,5259,EXP-039,3.0,0.0,60.0,1.0,5,540.0,,2.0,,2590.0,,5.0,,False
lag144,3,5259,EXP-039,3.0,0.0,60.0,0.9,5,530.0,,1.0,,2820.0,,5.0,,False
lag144,3,5259,EXP-039,3.0,0.0,60.0,0.8,5,530.0,,1.0,,3130.0,,8.0,,False
lag144,3,5259,EXP-039,3.0,0.0,120.0,1.0,5,540.0,,2.0,,2590.0,,5.0,,False
lag144,3,5259,EXP-039,3.0,0.0,120.0,0.9,5,530.0,,1.0,,2820.0,,5.0,,False
lag144,3,5259,EXP-039,3.0,0.0,120.0,0.8,5,530.0,,1.0,,3310.0,,8.0,,False
lag144,3,5259,EXP-039,3.0,10.0,0.0,1.0,5,540.0,,2.0,,2590.0,,5.0,,False
lag144,3,5259,EXP-039,3.0,10.0,0.0,0.9,5,530.0,,1.0,,2810.0,,6.0,,False
lag144,3,5259,EXP-039,3.0,10.0,0.0,0.8,5,530.0,,1.0,,2980.0,,8.0,,False
lag144,3,5259,EXP-039,3.0,10.0,30.0,1.0,5,540.0,,2.0,,2590.0,,5.0,,True
lag144,3,5259,EXP-039,3.0,10.0,30.0,0.9,5,530.0,,1.0,,2820.0,,5.0,,False
lag144,3,5259,EXP-039,3.0,10.0,30.0,0.8,5,530.0,,1.0,,3040.0,,8.0,,False
lag144,3,5259,EXP-039,3.0,10.0,60.0,1.0,5,540.0,,2.0,,2590.0,,5.0,,False
lag144,3,5259,EXP-039,3.0,10.0,60.0,0.9,5,530.0,,1.0,,2820.0,,5.0,,False
lag144,3,5259,EXP-039,3.0,10.0,60.0,0.8,5,530.0,,1.0,,3130.0,,8.0,,False
lag144,3,5259,EXP-039,3.0,10.0,120.0,1.0,5,540.0,,2.0,,2590.0,,5.0,,False
lag144,3,5259,EXP-039,3.0,10.0,120.0,0.9,5,530.0,,1.0,,2820.0,,5.0,,False
lag144,3,5259,EXP-039,3.0,10.0,120.0,0.8,5,530.0,,1.0,,3310.0,,8.0,,False
lstm,3,5259,EXP-057,3.0,0.0,0.0,1.0,5,80.0,17.320508075688775,4.0,0.0,2556.6666666666665,20.816659994661325,5.0,0.0,True
lstm,3,5259,EXP-057,3.0,0.0,0.0,0.9,5,0.0,0.0,0.0,0.0,2786.6666666666665,5.773502691896258,5.0,0.0,False
lstm,3,5259,EXP-057,3.0,0.0,0.0,0.8,5,0.0,0.0,0.0,0.0,2930.0,10.0,5.0,0.0,False
lstm,3,5259,EXP-057,3.0,0.0,30.0,1.0,5,80.0,17.320508075688775,4.0,0.0,2556.6666666666665,20.816659994661325,5.0,0.0,False
lstm,3,5259,EXP-057,3.0,0.0,30.0,0.9,5,0.0,0.0,0.0,0.0,2786.6666666666665,5.773502691896258,5.0,0.0,False
lstm,3,5259,EXP-057,3.0,0.0,30.0,0.8,5,0.0,0.0,0.0,0.0,2930.0,10.0,5.0,0.0,False
lstm,3,5259,EXP-057,3.0,0.0,60.0,1.0,5,80.0,17.320508075688775,4.0,0.0,2556.6666666666665,20.816659994661325,5.0,0.0,False
lstm,3,5259,EXP-057,3.0,0.0,60.0,0.9,5,0.0,0.0,0.0,0.0,2786.6666666666665,5.773502691896258,5.0,0.0,False
lstm,3,5259,EXP-057,3.0,0.0,60.0,0.8,5,0.0,0.0,0.0,0.0,2930.0,10.0,5.0,0.0,False
lstm,3,5259,EXP-057,3.0,0.0,120.0,1.0,5,80.0,17.320508075688775,4.0,0.0,2556.6666666666665,20.816659994661325,5.0,0.0,False
lstm,3,5259,EXP-057,3.0,0.0,120.0,0.9,5,0.0,0.0,0.0,0.0,2786.6666666666665,5.773502691896258,5.0,0.0,False
lstm,3,5259,EXP-057,3.0,0.0,120.0,0.8,5,0.0,0.0,0.0,0.0,2930.0,10.0,5.0,0.0,False
lstm,3,5259,EXP-057,3.0,10.0,0.0,1.0,5,80.0,17.320508075688775,4.0,0.0,2556.6666666666665,20.816659994661325,5.0,0.0,True
lstm,3,5259,EXP-057,3.0,10.0,0.0,0.9,5,0.0,0.0,0.0,0.0,2786.6666666666665,5.773502691896258,5.0,0.0,False
lstm,3,5259,EXP-057,3.0,10.0,0.0,0.8,5,0.0,0.0,0.0,0.0,2930.0,10.0,5.0,0.0,False
lstm,3,5259,EXP-057,3.0,10.0,30.0,1.0,5,80.0,17.320508075688775,4.0,0.0,2556.6666666666665,20.816659994661325,5.0,0.0,False
lstm,3,5259,EXP-057,3.0,10.0,30.0,0.9,5,0.0,0.0,0.0,0.0,2786.6666666666665,5.773502691896258,5.0,0.0,False
lstm,3,5259,EXP-057,3.0,10.0,30.0,0.8,5,0.0,0.0,0.0,0.0,2930.0,10.0,5.0,0.0,False
lstm,3,5259,EXP-057,3.0,10.0,60.0,1.0,5,80.0,17.320508075688775,4.0,0.0,2556.6666666666665,20.816659994661325,5.0,0.0,False
lstm,3,5259,EXP-057,3.0,10.0,60.0,0.9,5,0.0,0.0,0.0,0.0,2786.6666666666665,5.773502691896258,5.0,0.0,False
lstm,3,5259,EXP-057,3.0,10.0,60.0,0.8,5,0.0,0.0,0.0,0.0,2930.0,10.0,5.0,0.0,False
lstm,3,5259,EXP-057,3.0,10.0,120.0,1.0,5,80.0,17.320508075688775,4.0,0.0,2556.6666666666665,20.816659994661325,5.0,0.0,False
lstm,3,5259,EXP-057,3.0,10.0,120.0,0.9,5,0.0,0.0,0.0,0.0,2786.6666666666665,5.773502691896258,5.0,0.0,False
lstm,3,5259,EXP-057,3.0,10.0,120.0,0.8,5,0.0,0.0,0.0,0.0,2930.0,10.0,5.0,0.0,False
arima,3,5259,EXP-052,6.0,0.0,0.0,1.0,5,160.0,,5.0,,2650.0,,7.0,,False
arima,3,5259,EXP-052,6.0,0.0,0.0,0.9,5,100.0,,5.0,,2810.0,,5.0,,False
arima,3,5259,EXP-052,6.0,0.0,0.0,0.8,5,60.0,,5.0,,2920.0,,6.0,,False
arima,3,5259,EXP-052,6.0,0.0,30.0,1.0,5,160.0,,5.0,,2650.0,,7.0,,True
arima,3,5259,EXP-052,6.0,0.0,30.0,0.9,5,100.0,,5.0,,2810.0,,5.0,,False
arima,3,5259,EXP-052,6.0,0.0,30.0,0.8,5,60.0,,5.0,,2940.0,,6.0,,False
arima,3,5259,EXP-052,6.0,0.0,60.0,1.0,5,160.0,,5.0,,2660.0,,7.0,,False
arima,3,5259,EXP-052,6.0,0.0,60.0,0.9,5,100.0,,5.0,,2810.0,,5.0,,False
arima,3,5259,EXP-052,6.0,0.0,60.0,0.8,5,60.0,,5.0,,2970.0,,6.0,,False
arima,3,5259,EXP-052,6.0,0.0,120.0,1.0,5,160.0,,5.0,,2720.0,,7.0,,False
arima,3,5259,EXP-052,6.0,0.0,120.0,0.9,5,100.0,,5.0,,2810.0,,5.0,,False
arima,3,5259,EXP-052,6.0,0.0,120.0,0.8,5,60.0,,5.0,,3030.0,,6.0,,False
arima,3,5259,EXP-052,6.0,10.0,0.0,1.0,5,160.0,,5.0,,2650.0,,7.0,,False
arima,3,5259,EXP-052,6.0,10.0,0.0,0.9,5,100.0,,5.0,,2810.0,,5.0,,False
arima,3,5259,EXP-052,6.0,10.0,0.0,0.8,5,60.0,,5.0,,2920.0,,6.0,,False
arima,3,5259,EXP-052,6.0,10.0,30.0,1.0,5,160.0,,5.0,,2650.0,,7.0,,True
arima,3,5259,EXP-052,6.0,10.0,30.0,0.9,5,100.0,,5.0,,2810.0,,5.0,,False
arima,3,5259,EXP-052,6.0,10.0,30.0,0.8,5,60.0,,5.0,,2940.0,,6.0,,False
arima,3,5259,EXP-052,6.0,10.0,60.0,1.0,5,160.0,,5.0,,2660.0,,7.0,,False
arima,3,5259,EXP-052,6.0,10.0,60.0,0.9,5,100.0,,5.0,,2810.0,,5.0,,False
arima,3,5259,EXP-052,6.0,10.0,60.0,0.8,5,60.0,,5.0,,2970.0,,6.0,,False
arima,3,5259,EXP-052,6.0,10.0,120.0,1.0,5,160.0,,5.0,,2720.0,,7.0,,False
arima,3,5259,EXP-052,6.0,10.0,120.0,0.9,5,100.0,,5.0,,2810.0,,5.0,,False
arima,3,5259,EXP-052,6.0,10.0,120.0,0.8,5,60.0,,5.0,,3030.0,,6.0,,False
lag1,3,5259,EXP-034,6.0,0.0,0.0,1.0,5,300.0,,5.0,,2590.0,,5.0,,False
lag1,3,5259,EXP-034,6.0,0.0,0.0,0.9,5,210.0,,5.0,,2810.0,,6.0,,False
lag1,3,5259,EXP-034,6.0,0.0,0.0,0.8,5,160.0,,5.0,,2970.0,,7.0,,False
lag1,3,5259,EXP-034,6.0,0.0,30.0,1.0,5,300.0,,5.0,,2590.0,,5.0,,True
lag1,3,5259,EXP-034,6.0,0.0,30.0,0.9,5,200.0,,5.0,,2820.0,,5.0,,False
lag1,3,5259,EXP-034,6.0,0.0,30.0,0.8,5,160.0,,5.0,,3010.0,,7.0,,False
lag1,3,5259,EXP-034,6.0,0.0,60.0,1.0,5,300.0,,5.0,,2590.0,,5.0,,False
lag1,3,5259,EXP-034,6.0,0.0,60.0,0.9,5,200.0,,5.0,,2820.0,,5.0,,False
lag1,3,5259,EXP-034,6.0,0.0,60.0,0.8,5,160.0,,5.0,,3070.0,,7.0,,False
lag1,3,5259,EXP-034,6.0,0.0,120.0,1.0,5,300.0,,5.0,,2590.0,,5.0,,False
lag1,3,5259,EXP-034,6.0,0.0,120.0,0.9,5,200.0,,5.0,,2820.0,,5.0,,False
lag1,3,5259,EXP-034,6.0,0.0,120.0,0.8,5,160.0,,5.0,,3190.0,,7.0,,False
lag1,3,5259,EXP-034,6.0,10.0,0.0,1.0,5,300.0,,5.0,,2590.0,,5.0,,False
lag1,3,5259,EXP-034,6.0,10.0,0.0,0.9,5,210.0,,5.0,,2810.0,,6.0,,False
lag1,3,5259,EXP-034,6.0,10.0,0.0,0.8,5,160.0,,5.0,,2970.0,,7.0,,False
lag1,3,5259,EXP-034,6.0,10.0,30.0,1.0,5,300.0,,5.0,,2590.0,,5.0,,True
lag1,3,5259,EXP-034,6.0,10.0,30.0,0.9,5,200.0,,5.0,,2820.0,,5.0,,False
lag1,3,5259,EXP-034,6.0,10.0,30.0,0.8,5,160.0,,5.0,,3010.0,,7.0,,False
lag1,3,5259,EXP-034,6.0,10.0,60.0,1.0,5,300.0,,5.0,,2590.0,,5.0,,False
lag1,3,5259,EXP-034,6.0,10.0,60.0,0.9,5,200.0,,5.0,,2820.0,,5.0,,False
lag1,3,5259,EXP-034,6.0,10.0,60.0,0.8,5,160.0,,5.0,,3070.0,,7.0,,False
lag1,3,5259,EXP-034,6.0,10.0,120.0,1.0,5,300.0,,5.0,,2590.0,,5.0,,False
lag1,3,5259,EXP-034,6.0,10.0,120.0,0.9,5,200.0,,5.0,,2820.0,,5.0,,False
lag1,3,5259,EXP-034,6.0,10.0,120.0,0.8,5,160.0,,5.0,,3190.0,,7.0,,False
lag1008,3,5259,EXP-046,6.0,0.0,0.0,1.0,5,500.0,,4.0,,2110.0,,10.0,,False
lag1008,3,5259,EXP-046,6.0,0.0,0.0,0.9,5,190.0,,3.0,,2450.0,,10.0,,False
lag1008,3,5259,EXP-046,6.0,0.0,0.0,0.8,5,100.0,,0.0,,2810.0,,9.0,,False
lag1008,3,5259,EXP-046,6.0,0.0,30.0,1.0,5,480.0,,4.0,,2130.0,,8.0,,False
lag1008,3,5259,EXP-046,6.0,0.0,30.0,0.9,5,150.0,,3.0,,2510.0,,9.0,,False
lag1008,3,5259,EXP-046,6.0,0.0,30.0,0.8,5,90.0,,0.0,,2840.0,,9.0,,False
lag1008,3,5259,EXP-046,6.0,0.0,60.0,1.0,5,430.0,,4.0,,2180.0,,6.0,,True
lag1008,3,5259,EXP-046,6.0,0.0,60.0,0.9,5,140.0,,3.0,,2520.0,,7.0,,False
lag1008,3,5259,EXP-046,6.0,0.0,60.0,0.8,5,80.0,,0.0,,2910.0,,8.0,,False
lag1008,3,5259,EXP-046,6.0,0.0,120.0,1.0,5,370.0,,4.0,,2240.0,,6.0,,False
lag1008,3,5259,EXP-046,6.0,0.0,120.0,0.9,5,140.0,,3.0,,2580.0,,7.0,,False
lag1008,3,5259,EXP-046,6.0,0.0,120.0,0.8,5,80.0,,0.0,,3030.0,,8.0,,False
lag1008,3,5259,EXP-046,6.0,10.0,0.0,1.0,5,500.0,,4.0,,2110.0,,10.0,,False
lag1008,3,5259,EXP-046,6.0,10.0,0.0,0.9,5,190.0,,3.0,,2450.0,,10.0,,False
lag1008,3,5259,EXP-046,6.0,10.0,0.0,0.8,5,100.0,,0.0,,2810.0,,9.0,,False
lag1008,3,5259,EXP-046,6.0,10.0,30.0,1.0,5,480.0,,4.0,,2130.0,,8.0,,False
lag1008,3,5259,EXP-046,6.0,10.0,30.0,0.9,5,150.0,,3.0,,2510.0,,9.0,,False
lag1008,3,5259,EXP-046,6.0,10.0,30.0,0.8,5,90.0,,0.0,,2840.0,,9.0,,False
lag1008,3,5259,EXP-046,6.0,10.0,60.0,1.0,5,430.0,,4.0,,2180.0,,6.0,,True
lag1008,3,5259,EXP-046,6.0,10.0,60.0,0.9,5,140.0,,3.0,,2520.0,,7.0,,False
lag1008,3,5259,EXP-046,6.0,10.0,60.0,0.8,5,80.0,,0.0,,2910.0,,8.0,,False
lag1008,3,5259,EXP-046,6.0,10.0,120.0,1.0,5,370.0,,4.0,,2240.0,,6.0,,False
lag1008,3,5259,EXP-046,6.0,10.0,120.0,0.9,5,140.0,,3.0,,2580.0,,7.0,,False
lag1008,3,5259,EXP-046,6.0,10.0,120.0,0.8,5,80.0,,0.0,,3030.0,,8.0,,False
lag144,3,5259,EXP-040,6.0,0.0,0.0,1.0,5,540.0,,2.0,,2590.0,,5.0,,False
lag144,3,5259,EXP-040,6.0,0.0,0.0,0.9,5,530.0,,1.0,,2810.0,,6.0,,False
lag144,3,5259,EXP-040,6.0,0.0,0.0,0.8,5,530.0,,1.0,,2980.0,,8.0,,False
lag144,3,5259,EXP-040,6.0,0.0,30.0,1.0,5,540.0,,2.0,,2590.0,,5.0,,True
lag144,3,5259,EXP-040,6.0,0.0,30.0,0.9,5,530.0,,1.0,,2820.0,,5.0,,False
lag144,3,5259,EXP-040,6.0,0.0,30.0,0.8,5,530.0,,1.0,,3040.0,,8.0,,False
lag144,3,5259,EXP-040,6.0,0.0,60.0,1.0,5,540.0,,2.0,,2590.0,,5.0,,False
lag144,3,5259,EXP-040,6.0,0.0,60.0,0.9,5,530.0,,1.0,,2820.0,,5.0,,False
lag144,3,5259,EXP-040,6.0,0.0,60.0,0.8,5,530.0,,1.0,,3130.0,,8.0,,False
lag144,3,5259,EXP-040,6.0,0.0,120.0,1.0,5,540.0,,2.0,,2590.0,,5.0,,False
lag144,3,5259,EXP-040,6.0,0.0,120.0,0.9,5,530.0,,1.0,,2820.0,,5.0,,False
lag144,3,5259,EXP-040,6.0,0.0,120.0,0.8,5,530.0,,1.0,,3310.0,,8.0,,False
lag144,3,5259,EXP-040,6.0,10.0,0.0,1.0,5,540.0,,2.0,,2590.0,,5.0,,False
lag144,3,5259,EXP-040,6.0,10.0,0.0,0.9,5,530.0,,1.0,,2810.0,,6.0,,False
lag144,3,5259,EXP-040,6.0,10.0,0.0,0.8,5,530.0,,1.0,,2980.0,,8.0,,False
lag144,3,5259,EXP-040,6.0,10.0,30.0,1.0,5,540.0,,2.0,,2590.0,,5.0,,True
lag144,3,5259,EXP-040,6.0,10.0,30.0,0.9,5,530.0,,1.0,,2820.0,,5.0,,False
lag144,3,5259,EXP-040,6.0,10.0,30.0,0.8,5,530.0,,1.0,,3040.0,,8.0,,False
lag144,3,5259,EXP-040,6.0,10.0,60.0,1.0,5,540.0,,2.0,,2590.0,,5.0,,False
lag144,3,5259,EXP-040,6.0,10.0,60.0,0.9,5,530.0,,1.0,,2820.0,,5.0,,False
lag144,3,5259,EXP-040,6.0,10.0,60.0,0.8,5,530.0,,1.0,,3130.0,,8.0,,False
lag144,3,5259,EXP-040,6.0,10.0,120.0,1.0,5,540.0,,2.0,,2590.0,,5.0,,False
lag144,3,5259,EXP-040,6.0,10.0,120.0,0.9,5,530.0,,1.0,,2820.0,,5.0,,False
lag144,3,5259,EXP-040,6.0,10.0,120.0,0.8,5,530.0,,1.0,,3310.0,,8.0,,False
lstm,3,5259,EXP-058,6.0,0.0,0.0,1.0,5,166.66666666666666,37.859388972001824,5.0,0.0,2526.6666666666665,37.859388972001824,5.0,0.0,True
lstm,3,5259,EXP-058,6.0,0.0,0.0,0.9,5,60.0,10.0,4.666666666666667,0.5773502691896258,2720.0,34.64101615137755,5.0,0.0,False
lstm,3,5259,EXP-058,6.0,0.0,0.0,0.8,5,10.0,0.0,1.0,0.0,2906.6666666666665,25.166114784235834,5.0,0.0,False
lstm,3,5259,EXP-058,6.0,0.0,30.0,1.0,5,166.66666666666666,37.859388972001824,5.0,0.0,2526.6666666666665,37.859388972001824,5.0,0.0,False
lstm,3,5259,EXP-058,6.0,0.0,30.0,0.9,5,60.0,10.0,4.666666666666667,0.5773502691896258,2720.0,34.64101615137755,5.0,0.0,False
lstm,3,5259,EXP-058,6.0,0.0,30.0,0.8,5,10.0,0.0,1.0,0.0,2906.6666666666665,25.166114784235834,5.0,0.0,False
lstm,3,5259,EXP-058,6.0,0.0,60.0,1.0,5,166.66666666666666,37.859388972001824,5.0,0.0,2526.6666666666665,37.859388972001824,5.0,0.0,False
lstm,3,5259,EXP-058,6.0,0.0,60.0,0.9,5,60.0,10.0,4.666666666666667,0.5773502691896258,2720.0,34.64101615137755,5.0,0.0,False
lstm,3,5259,EXP-058,6.0,0.0,60.0,0.8,5,10.0,0.0,1.0,0.0,2906.6666666666665,25.166114784235834,5.0,0.0,False
lstm,3,5259,EXP-058,6.0,0.0,120.0,1.0,5,166.66666666666666,37.859388972001824,5.0,0.0,2526.6666666666665,37.859388972001824,5.0,0.0,False
lstm,3,5259,EXP-058,6.0,0.0,120.0,0.9,5,60.0,10.0,4.666666666666667,0.5773502691896258,2720.0,34.64101615137755,5.0,0.0,False
lstm,3,5259,EXP-058,6.0,0.0,120.0,0.8,5,10.0,0.0,1.0,0.0,2906.6666666666665,25.166114784235834,5.0,0.0,False
lstm,3,5259,EXP-058,6.0,10.0,0.0,1.0,5,166.66666666666666,37.859388972001824,5.0,0.0,2526.6666666666665,37.859388972001824,5.0,0.0,True
lstm,3,5259,EXP-058,6.0,10.0,0.0,0.9,5,60.0,10.0,4.666666666666667,0.5773502691896258,2720.0,34.64101615137755,5.0,0.0,False
lstm,3,5259,EXP-058,6.0,10.0,0.0,0.8,5,10.0,0.0,1.0,0.0,2906.6666666666665,25.166114784235834,5.0,0.0,False
lstm,3,5259,EXP-058,6.0,10.0,30.0,1.0,5,166.66666666666666,37.859388972001824,5.0,0.0,2526.6666666666665,37.859388972001824,5.0,0.0,False
lstm,3,5259,EXP-058,6.0,10.0,30.0,0.9,5,60.0,10.0,4.666666666666667,0.5773502691896258,2720.0,34.64101615137755,5.0,0.0,False
lstm,3,5259,EXP-058,6.0,10.0,30.0,0.8,5,10.0,0.0,1.0,0.0,2906.6666666666665,25.166114784235834,5.0,0.0,False
lstm,3,5259,EXP-058,6.0,10.0,60.0,1.0,5,166.66666666666666,37.859388972001824,5.0,0.0,2526.6666666666665,37.859388972001824,5.0,0.0,False
lstm,3,5259,EXP-058,6.0,10.0,60.0,0.9,5,60.0,10.0,4.666666666666667,0.5773502691896258,2720.0,34.64101615137755,5.0,0.0,False
lstm,3,5259,EXP-058,6.0,10.0,60.0,0.8,5,10.0,0.0,1.0,0.0,2906.6666666666665,25.166114784235834,5.0,0.0,False
lstm,3,5259,EXP-058,6.0,10.0,120.0,1.0,5,166.66666666666666,37.859388972001824,5.0,0.0,2526.6666666666665,37.859388972001824,5.0,0.0,False
lstm,3,5259,EXP-058,6.0,10.0,120.0,0.9,5,60.0,10.0,4.666666666666667,0.5773502691896258,2720.0,34.64101615137755,5.0,0.0,False
lstm,3,5259,EXP-058,6.0,10.0,120.0,0.8,5,10.0,0.0,1.0,0.0,2906.6666666666665,25.166114784235834,5.0,0.0,False
always_on,3,5259,,,,,,5,0.0,,0.0,,10080.0,,1.0,,False
oracle,3,5259,,,,,,5,0.0,,0.0,,2590.0,,5.0,,False
